Workbook
Name 입력조건: #REF!
Name 입력조건: #REF!
Name 입력조건: #REF!
Name 입력조건: #REF!
Name 입력조건: #REF!
Name 입력조건: #REF!
Name 입력조건: #REF!
Name 입력조건: #REF!
Name 입력조건: #REF!
Name 입력조건: #REF!
Name 입력조건: #REF!
Name 입력조건: #REF!
Name 입력조건: #REF!
Name 입력조건: #REF!
Name 입력조건: #REF!
Name 입력조건: #REF!
Name 입력조건: #REF!
Name 입력조건: #REF!
Name 입력조건: #REF!
Name 판정기준: #REF!
Name 판정기준: #REF!
Name 판정기준: #REF!
Name 판정기준: #REF!
Name 판정기준: #REF!
Name 판정기준: #REF!
Name 판정기준: #REF!
Name 판정기준: #REF!
Name 판정기준: #REF!
Name 판정기준: #REF!
Name 판정기준: #REF!
Name 판정기준: #REF!
Name 판정기준: #REF!
Name 판정기준: #REF!
Name 판정기준: #REF!
Name 판정기준: #REF!
Name 판정기준: #REF!
Name 판정기준: #REF!
Name 판정기준: #REF!
Name 항목: #REF!
Name 항목: #REF!
Name 항목: #REF!
Name 항목: #REF!
Name 항목: #REF!
Name 항목: #REF!
Name 항목: #REF!
Name 항목: #REF!
Name 항목: #REF!
Name 항목: #REF!
Name 항목: #REF!
Name 항목: #REF!
Name 항목: #REF!
Name 항목: #REF!
Name 항목: #REF!
Name 항목: #REF!
Name 항목: #REF!
Name 항목: #REF!
Name 항목: #REF!

Sheet HISTORY
A1: TestCase 변경 HISTORY | I1: 품명: BLTN_CAM | J1: Product Name: BLTN_CAM
I2: 제정일자 2021- - | J2: Date of enactment 2021- -
A3: Rev | B3: 구분 | C3: 시트 | D3: TC ID | E3: 항목 | F3: 내용 | G3: 적용 일자 | H3: 작성자 | I3: 자동화 동기화 여부 | J3: Whether to synchronize automation
A4: 1910_01 | B4: 최초작성 시작
A5: 1905_01 | B5: 추가 | C5: 주행 중 녹화 기능 | D5: OWD_048 | E5: [DCM 출력 확인] : 작동 상태 확인 | F5: DCM 테스트 케이스 추가 | G5: 45807 | H5: 이수희 | I5: O | J5: O
B6: 추가 | D6: OWD_049 | E6: [DCM 출력 확인] : 영향성 확인 | F6: DCM 테스트 케이스 추가 | I6: O | J6: O
B7: 추가 | C7: HU 연동 기능 | D7: HU_007 | E7: [카메라 각도 설정] 후방카메라 실시간 화면 | F7: 후방 카메라 각도 설정 시 DCM 적용 여부 추가 (STEP13) | I7: O | J7: O
B8: 추가 | D8: HU_007 | E8: [카메라 각도 설정] 후방카메라 실시간 화면 | F8: B+ 리셋 후 DCM 영상 출력 화면 반복 확인 추가 (STEP15) | I8: O | J8: O
B9: 수정 | D9: HU_027 -> 008 | E9: [주차 모션 감지 녹화 설정] : HU_BLTN_CAM_01_00ms | F9: 중복 T/C ID 제거 후 HU_008 변경 | I9: O | J9: O
B10: 추가 | C10: 비기능 외 | D10: ETC_025 | E10: [CANFD 메시지 별 시그널 출력여부 확인] - 7 | F10: DCM 신규 시그널 추가 | I10: O | J10: O
B11: 추가 | D11: ETC_026 | E11: [CANFD 메시지 별 시그널 출력여부 확인] - 8 | F11: DCM 신규 시그널 추가 | I11: O | J11: O
B12: 추가 | D12: ETC_027 | E12: [CANFD 메시지 별 시그널 출력여부 확인] - 9 | F12: DCM 신규 시그널 추가 | I12: O | J12: O
B13: 추가 | D13: ETC_028 | E13: [CANFD 메시지 별 시그널 출력여부 확인] - 10 | F13: DCM 신규 시그널 추가 | I13: O | J13: O
A14: 1906_01 | B14: 추가 | C14: 차량정보 저장기능 | D14: INF_011 | E14: [차량 주행데이터 저장] : 방향지시등 | F14: 전자바디E2.0 , E3.0 아키텍처 적용 차량 방향지시등 신호 구분 및 추가(전자바디 E3.0 아키텍처 적용 차량 TC 추가) | G14: 45819 | H14: 이수희 | I14: O | J14: O
A15: 2207_01 | B15: 추가 | C15: 보조배터리 연동기능 | D15: BAT_055 | E15: [M-LBM 적용 차종] 녹화 동작 사양 -1 | F15: MBLM SOC값에 따른 주차 녹화 사양 TC추가 | G15: 45846 | H15: 이수희 | I15: O | J15: O
B16: 수정 | C16: 보조배터리 연동기능 | D16: BAT_056 | E16: [M-LBM 적용 차종] 녹화 동작 사양 -2 | F16: MLBM SOC값에 따른 모션 녹화 동작 사양 수정 | I16: O | J16: O
B17: 추가 | C17: 보조배터리 연동기능 | D17: BAT_057 | E17: [M-LBM 적용 차종] 녹화 동작 사양 -3 | F17: MLBM 적용 차종 주차 녹화 종료 조건 TC 추가 | I17: O | J17: O
B18: 추가 | C18: 보조배터리 연동기능 | D18: BAT_058 | E18: [M-LBM 적용 차종] 녹화 동작 사양 -4 | F18: MLBM 적용 차종 모션 녹화 종료 조건 TC 추가 | I18: O | J18: O
A19: 2207_02 | B19: 수정 | C19: 차량정보 저장기능 | D19: INF_009 | E19: [주행정보 OSD기록 정합성 확인] : 주행/주차 수동 이벤트 | F19: 주차 중 수동 이벤트 녹화 동작 시 주행정보 사양에서 기어 "P" 단 표시 삭제 (스탬핑 정보 사양에서 기어 미표시) | G19: 45853 | H19: 이수희 | I19: O | J19: O
A20: 2207_03 | B20: 추가 | C20: 표시 관련 서비스 | D20: IND_002 | E20: [CW 팝업 요청] BLTN_CAM_PopUp_Req | F20: 타임랩스 녹화 불가 알림 TC 추가 | G20: 45853 | H20: 이수희 | I20: O | J20: O
A21: 2207_04 | B21: 추가 | C21: 저장메모리 및 파일관리 | D21: MEM_052 | E21: Write 불가 상태 SD카드 사용시 알림 확인 | F21: Write 불가능한 불량 SD카드 이용시 알림 TC 추가 | G21: 45853 | H21: 이수희 | I21: O | J21: O
A22: 2207_05 | B22: 추가 | C22: 진단서비스(1) | D22: DIA_040 | E22: SID 22 [$A221] 주차 녹화 정보 취득 | F22: 신규 진단 서비스 A221(주차 녹화 정보 취득) 추가 | G22: 45860 | H22: 이수희 | I22: O | J22: O
A23: 2208_01 | B23: 추가 | C23: 차량정보 저장기능 | D23: INF_019 | E23: [주행정보 OSD기록 정합성 확인] : 퍼포먼스 | F23: 변속 모드 별 표시 방식 변경, Not dectect 시 사양 변경 | G23: 45874 | H23: 이수희 | I23: O | J23: O
A24: 2208_02 | B24: 추가 | C24: 저장메모리 및 파일관리 | D24: MEM_038 | E24: [SD카드 사용자 조건] (1) | F24: PC에서 썸네일만 삭제 후 SD카드 장착 시 썸네일 생성 확인 TC 추가 | G24: 45877 | H24: 이수희 | I24: O | J24: O
B25: 수정 | C25: 주차 후 녹화 기능 | D25: OWP_021 | E25: [모션 감지 범위 설정 확인] 주차 중 모션감지 범위 설정 Lv2 | F25: 유럽향 모션 감지 범위 설정 확인값 변경 BLTN_CAM_RanSet_PMDR=0x3 → 0x2 | G25: 45894 | H25: 이수희 | I25: O | J25: O
A26: 2208_03 | B26: 수정 | C26: HU 연동기능 | D26: HU_043 | E26: [사용자프로필 설정] | F26: 수행절차, 기대값 수정 | G26: 45896 | H26: 이수희 | I26: O | J26: O
C27: 커넥티드 관련 서비스 | D27: CCS_011 | E27: [영상 저장 사양 확인] : CCS 파일 사양 | F27: 수행절차 수정 저장 경로 변경 /tmp → /mnt/data/video)
B28: 추가 | C28: HU 연동 기능 | D28: HU_036 | E28: [언어 및 지역연동] | F28: BLTN_CAM_DistributeInfo 신호 추가
C29: 주행 중 녹화 기능 | D29: OWD_050 | E29: [주행 중 수동 이벤트 스위치 녹화] 터치 스위치 고장 정보 신호 | F29: MAR_SoftKeyEnable / MAR_SoftKeySystemFailStatus 신호 확인 추가
C30: 주차 후 녹화 기능 | D30: OWP_017 | E30: [주차중 모션 감지 녹화] | F30: BLTN_CAM_PMD_Count 신호 확인 추가
C31: 주행 중 녹화 기능 | D31: OWD_051 | E31: [타임랩스 녹화] (8) : 터치 스위치 고장 정보 신호 | F31: TML_SoftKeyEnable / TML_SoftKeySystemFailStatus 신호 확인 추가
C32: HU 연동 기능 | D32: HU_047 | E32: [ssfs 통신] ssfs 통신 방향 | F32: HU_SSHFS_StrictHostKeyCheck1 신호 확인 추가
C33: 모바일 앱 연동기능 | D33: APP_020 | E33: [스트리밍 기능 설정] | F33: BLTN_CAM_RecSet_STRM 신호 확인 추가
A34: 2309_01 | B34: 추가 | C34: 주차 후 녹화 기능 | D34: OWP_025 | E34: 카메라 탈거 및 장착 영향성 | F34: 서스펜드 모드 상태에서 전/후방 카메라 탈착 | G34: 45912 | H34: 이수희 | I34: O | J34: O
F35: 네트워크 상태에 따른 전/ 후방 카메라 탈착 영향성 확인
F36: 서스펜드 모드 진입 시점에 전/후방 카메라 탈착
F37: 주차 모션 대기 상태에서 전/후방 카메라 탈착
F38: 전/후방 카메라 탈착으로 인한 WAKE UP 상태에서 ccs동작
A39: 2309_02 | B39: 추가 | C39: 동작 성능 | D39: PER_044 | E39: 녹화 기능 확인 [악의 조건] | F39: 주차 녹화 동작 리셋 확인 | G39: 45922 | H39: 이수희 | I39: O | J39: O
F40: 주행 녹화 동작 리셋 확인 | I40: O | J40: O
A41: 2309_03 | B41: 추가 | C41: DCM 연동기능 | D41: DCM_001~041 | E41: DCM 연동 기능 항목 | F41: DCM 연동 신규 사양으로 TC 추가 | G41: 45929 | H41: 이수희 | I41: O | J41: O
A43: 2310_01 | B43: 수정 | C43: 녹화 외 기본기능 | D43: BAS_019 | E43: 카메라 리커버리 업데이트 동작 | F43: 카메라 리커버리 동작 로직 개선 내용 반영 (BICIM2-1026) | G43: 45958 | H43: 이수희 | I43: O | J43: O
A44: 2310_02 | B44: 추가 | C44: 저장메모리 및 파일관리 | D44: MEM_039 | E44: [SD카드 사용자 조건] (2) | F44: 썸네일 생성 타이밍에 SD카드 탈차 강건화 (CE1 PE 메뉴 진입 불가 이슈 강건화) | G44: 45959 | H44: 이수희 | I44: O | J44: O
A45: 2310_03 | B45: 수정 | C45: 주행 중 녹화기능 | D45: OWD_051 | E45: [타임랩스 녹화] (8) : 터치 스위치 고장 정보 신호 | F45: TML_SoftKeyEnable / TML_SoftKeySystemFailStatus 신호 확인 추가 | I45: O | J45: O
B46: 추가 | C46: 주차 후 녹화 기능 | D46: OWP_017 | E46: 주차중 모션 감지 녹화] | F46: BLTN_CAM_RecSta_PMD =0X2 시그널 녹화 중과 작동 중 구분 | I46: O | J46: O
B47: 추가 | C47: 비기능 외 | D47: ETC_015 | E47: [CAN 메시지 별 시그널 출력여부 확인] | F47: CAN 시그널 출력 확인 추가( 사용하지 않는 기능) | I47: O | J47: O
B48: 추가 | C48: 비기능 외 | D48: ETC_020 | E48: [CAN 메시지 별 시그널 출력여부 확인] | F48: CAN 시그널 출력 확인 추가( 사용하지 않는 기능) | I48: O | J48: O
B49: 추가 | C49: 비기능 외 | D49: ETC_022 | E49: [CAN 메시지 별 시그널 출력여부 확인] | F49: CAN 시그널 출력 확인 추가( 사용하지 않는 기능) | I49: O | J49: O
B50: 추가 | C50: 비기능 외 | D50: ETC_029 | E50: [CAN 메시지 별 시그널 출력여부 확인] | F50: CAN 시그널 출력 확인 추가( 사용하지 않는 기능), 신규 TC ID생성 | I50: O | J50: O
B51: 추가 | C51: 표시 관련 서비스 | D51: IND_011 | E51: [초기화] : HU_MasterProfile_ResetIndex | F51: 빌트인캠 설정값 초기화 메시지 추가, 신규 TC 아이디 생성 | I51: O | J51: O
B52: 추가 | C52: HU 연동기능 | D52: HU_048 | E52: Profile Policy에 따른 프로필 설정 | F52: New Profile Policy 적용 지역에 대한 프로필 설정 값 TC 추가 | I52: O | J52: O
A53: 2311_01 | B53: 추가 | C53: 주차 후 녹화 기능 | D53: OWP_008 | E53: [주차 중 이벤트 충격 녹화] | F53: B+ 탈거 조건 강화 | G53: 45965 | H53: 이수희 | I53: O | J53: O
A54: 2311_02 | B54: 수정 | C54: 저장메모리 및 파일관리 | D54: MEM_038 | E54: [SD카드 사용자 조건] (1) | F54: 기대값 수정 | G54: 45965 | H54: 이수희 | I54: O | J54: O
A55: 2311_03 | B55: 수정 | C55: 주차 후 녹화 기능 | D55: OWP_017 | E55: [주차중 모션 감지 녹화] | F55: BLTN_CAM_RecSta_PMD 신호 사양 변경 내용 수정 | G55: 45968 | H55: 이수희 | I55: O | J55: O
B56: 수정 | D56: OWP_025 | E56: 카메라 탈거 및 장착 영향성 | F56: BLTN_CAM_RecSta_PMD 신호 사양 변경 내용 수정 | I56: O | J56: O
B57: 수정 | D57: OWP_023 | E57: [주차중 모션 감지 녹화] : 개발단계 과거 이슈 | F57: BLTN_CAM_RecSta_PMD 신호 사양 변경 내용 수정 | I57: O | J57: O
B58: 추가 | D58: OWP_023 | E58: [주차중 모션 감지 녹화] : 개발단계 과거 이슈 | F58: BICIM2-2498, BICIM2-2531 일감 내용 반영 | I58: O | J58: O
B59: 추가 | C59: HU 연동기능 | D59: HU_006 | E59: [카메라 각도 설정] 전방카메라 실시간 화면 | F59: BICIM2-2301 일감 내용 반영 | I59: O | J59: O
B60: 추가 | D60: HU_007 | E60: [카메라 각도 설정] 후방카메라 실시간 화면 | F60: BICIM2-2301 일감 내용 반영 | I60: O | J60: O
B61: 추가 | C61: 녹화 외 기본기능 | D61: BAS_011 | E61: [업데이트] : 전원조건 조작 | F61: 카메라 업데이트 중 B+ 리셋 (BICIM2-2297) | I61: O | J61: O
B62: 추가 | C62: 주차 후 녹화 기능 | D62: OWP_002 | E62: [주차 중 상시 녹화] 설정 ON/OFF | F62: BICIM2-1494 일감 내용 반영 | I62: O | J62: O
B63: 추가 | C63: 녹화 외 기본기능 | D63: BAS_009 | E63: 업데이트 중 다중 녹화 | F63: BICIM2-1608 일감 내용 반영 | I63: O | J63: O
B64: 추가 | C64: HU 연동기능 | D64: HU_009 | E64: [카메라 각도 설정] 녹화파일 적용여부 확인 | F64: 첫 부팅 조건 확인 추가 (BICIM2-1971) | I64: O | J64: O
B65: 추가 | C65: 주차 후 녹화 기능 | D65: OWP_023 | E65: [주차중 모션 감지 녹화] : 개발단계 과거 이슈 | F65: BICIM2-1344 일감 내용 반영 | I65: O | J65: O
B66: 추가 | D66: OWP_023 | E66: [주차중 모션 감지 녹화] : 개발단계 과거 이슈 | F66: BICIM2-1379 일감 내용 반영 | I66: O | J66: O
B67: 추가 | C67: 진단서비스 (1) | D67: DIA_041 | E67: $A223 (주행/주차이벤트녹화정보 취득) | F67: 신규 진단 서비스 A223 추가 | I67: O | J67: O
B68: 수정 | C68: DCM 연동기능 | D68: DCM_001~040 | E68: 주차 중 DCM 출력 | F68: 기대값 수정 및 미해당 사양 삭제 | I68: O | J68: O
A69: 2311_04 | B69: 추가 | C69: 저장 메모리 및 파일관리 | D69: MEM_009 | E69: [저장공간] : 최대 저장영상 개수 | F69: PHISON 社 128GB 저장 비율 TC 추가 | G69: 45975 | H69: 이수희 | I69: O | J69: O
B70: 추가 | C70: 저장 메모리 및 파일관리 | D70: MEM_027 | E70: [SD카드 제조사 별 확인] | F70: PHISON 社 SD카드 삽입 시 정상 인식 및 동작 TC 추가 | I70: O | J70: O
A71: 2311_05 | B71: 추가 | C71: 진단서비스 (1) | D71: DIA_034 | E71: SID 22 [$ED90] Read Non-Sleep Status Service | F71: OTA Session, Link up/down 조건 추가 | G71: 45978 | H71: 이수희 | I71: O | J71: O
B72: 삭제 | C72: 녹화 외 기본기능 | D72: BAS_017 | E72: [초기화] : 차량모드(time-out, Error) | F72: 문구 확인 STEP 삭제 | I72: O | J72: O
B73: 삭제 | C73: 저장메모리 및 파일관리 | D73: MEM_027 | E73: [SD카드 제조사 별 확인] | F73: DBRIDGE 社 삭제 (단종) | I73: O | J73: O
B74: 수정 | C74: 저장메모리 및 파일관리 | D74: MEM_019 | E74: [SD카드 안전하게 제거] | F74: 기대값 수정 | I74: O | J74: O
B75: 수정 | C75: HU 연동기능 | D75: HU_048 | E75: Profile Policy에 따른 프로필 설정 | F75: 수행 절차 상세화 | I75: O | J75: O
A76: 2311_06 | B76: 추가 | C76: HU 연동기능 | D76: HU_049 | E76: Profile Policy에 따른 프로필 설정 | F76: 기존 프로필 관련 tc에서 Profile Policy에 따른 조건별 tc 추가 | G76: 45979 | H76: 이수희 | I76: O | J76: O
B77: 수정 | C77: 표시 관련 서비스 | D77: IND_011 | E77: [초기화] : HU_MasterProfile_ResetIndex | F77: HU_MasterProfile_ResetIndex와 Profile Policy 복합 조건 STEP 추가 | I77: O | J77: O
A78: 2311_07 | B78: 수정 | C78: 표시 관련 서비스 | D78: IND_011 | E78: [초기화] : HU_MasterProfile_ResetIndex | F78: HU_MasterProfile_ResetIndex 시그널 CW/CW만 해당되는 사양으로 수행절차 명확화 | G78: 45980 | H78: 이수희 | I78: O | J78: O
A79: 2312_01 | B79: 추가 | C79: 녹화 외 기본기능 | D79: BAS_013 | E79: [업데이트] 캔 부하시 업데이트 | F79: 캔 부하상태 업데이트 시 영향성 TC 추가 | G79: 45992 | H79: 이수희 | I79: O | J79: O
A80: 2312_02 | B80: 추가 | C80: 동작 성능 | D80: PER_001 | E80: [소비전력 측정] | F80: 후방 60FPS 차종에 대한 주행 전력, 주차 모션 전력 사양 추가 및 수행절차 추가 | G80: 45999 | H80: 이수희 | I80: O | J80: O
A81: 2312_03 | B81: 추가 | C81: 진단서비스(1) | D81: DIA_027 | E81: $A230 SD Card State Service | F81: DIA_027 004~007 해당 내용 사양서에 맞게 수정 | G81: 46002 | H81: 이수희 | I81: O | J81: O
A82: 2312_04 | B82: 추가 | C82: 모바일 앱 연동기능 | D82: APP_001 | E82: [WiFi 설정 초기 상태 - 비밀번호 미설정] | F82: 커넥트 HU사양 TC 추가 | G82: 46015 | H82: 이수희 | I82: O | J82: O
B83: 추가 | C83: 보조배터리 연동기능 | D83: BAT_057,058 | E83: 녹화동작 사양 | F83: invalid 값 10회 연속 수신시 종료 사양에 맞게 tc수정 및 추가 | I83: O | J83: O
B84: 추가 | C84: HU 연동기능 | D84: HU_006.007 | E84: 카메라 각도 조절 사양 | F84: Conncect(CS/CW) 사양 각도조절 사양 삭제로 초기 신호값 TC 추가 | I84: O | J84: O
B85: 추가 | C85: DCM 연동기능 | D85: DCM_001 ~ 048 | E85: DCM 연동 기능 항목 | F85: TC 기대값 수정 및 사양 반영하여 TC 추가 | I85: O | J85: O
A86: 2301_1 | B86: 수정 | C86: 저장 메모리 및 파일관리 | D86: MEM_009 | E86: [저장공간] : 최대 저장영상 개수 | F86: [BICIM2-2813] 128GB 저장 비율 수정 | G86: 46028 | H86: 이수희 | I86: O | J86: O
D87: MEM_038 | E87: [SD카드 사용자 조건] (1) | F87: [BICIM2-2982] 정품/비정품 128GB SD 카드 dummy file 생성 여부 확인 TC 추가 | I87: O | J87: O
A88: 2301_02 | B88: 추가 | C88: DCM 연동기능 | D88: DCM_008 | E88: DCM 연동 기능 항목 | F88: 악의 조건 B+리셋 및 CAN 쇼트 TC 추가 | G88: 46042 | H88: 이수희 | I88: O | J88: O
A89: 2301_03 | B89: 수정 | C89: 주차 후 녹화 기능 | D89: OWP_025 | E89: 카메라 탈거 및 장착 영향성 | F89: 카메라 탈거 이후 LOCK 감지 관련 기대값 수정 및 TC 추가 | G89: 46044 | H89: 이수희 | I89: O | J89: O
A90: 2301_04 | B90: 추가 | C90: 주차 후 녹화 기능 | D90: OWP_023 | E90: [주차중 모션 감지 녹화] : 개발단계 과거 이슈 | F90: 주차 모션 녹화 설정 시 10FPS 출력 확인 | G90: 46045 | H90: 이수희 | I90: O | J90: O
A91: 2301_05 | B91: 추가 | C91: 보조배터리 연동기능 | D91: BAT_055~058 | E91: 녹화 동작 사양 | F91: 주차녹화 종료 조건 추가(SOC 30%) , SOC 경계값 수정(29->30) | G91: 46050 | H91: 이수희 | I91: O | J91: O
A92: 2302_01 | B92: 추가 | C92: 표지 주의사항 탭 추가 | D92: - | E92: - | F92: 표지 작성 시 주의 해야 할 사항 기입 | G92: 46063 | H92: 이수희 | I92: O | J92: O
A93: 2302_02 | B93: 추가 | C93: 차량정보 저장기능 | D93: INF_016_step11~12 | E93: [차량 주행데이터 정합성 확인] : 차속 | F93: BICIM2-3213 이슈 내용 반영 (차속 단위 CAN 값 유지 여부 확인) | G93: 46077 | H93: 최유리 | I93: O | J93: O
A94: 2302_03 | B94: 수정 | C94: 저장메모리 및 파일관리 | D94: MEM_009 | E94: 저장공간 비율 | F94: 저장공간 비율 소수점 둘째자리 까지만 반영 | G94: 46077 | H94: 이수희 | I94: O | J94: O
A95: 2302_04 | B95: 수정/추가 | C95: 저장메모리 및 파일관리 | D95: MEM_018, MEM_052 | E95: SD모듈 이미지 확인, OHCL 이미지 확인 | F95: SD모듈 이미지 커넥트 사양 블랙/화이트 테마 확인필요 내용 추가 , 커넥트 사양 OHCL 블랙/화이트 테마 이미지 확인 TC 추가 | G95: 46077 | H95: 이수희 | I95: O | J95: O
A96: 2302_05 | B96: 추가 | C96: 비기능 외 | D96: ETC_026 | E96: [CANFD 메시지 별 시그널 출력여부 확인] - 11 | F96: DCM SW 버전 출력 사양 변경으로 기존 CAN 시그널 삭제 및 신규 CAN 시그널 반영 | G96: 46078 | H96: 이수희 | I96: O | J96: O
A97: 2302_06 | B97: 수정 | C97: DCM 연동기능 | D97: DCM_003 | E97: 주행 중 DCM 출력 - 2 | F97: 20251216_DCM관련_CAN출력타이밍.pptx 사양 반영 | G97: 46078 | H97: 이수희 | I97: O | J97: O
D98: DCM_004 | E98: 카메라 영상 미입력시
D99: DCM_023 | E99: DCM에서 빌트인캠 리셋 요청시 작동 확인
D100: DCM_024~039 | E100: Door open 조건
B101: 추가 | D101: DCM_049~050 | E101: 콜드 부팅 신호 출력 조건
...

Sheet 표지
D1: 기능 검증 보고서 | J1: 작 성 | L1: 검 토 | N1: 승 인
A4: 문서 번호 | C4: 2.5세대 플랫폼 23.25.A0.11.03 기능 검증 | H4: 검증 목적 | J4: 플랫폼 개정 사양에 대한 기능 정합성 및 동작 유효성 검증
A5: 품 명 | C5: 빌트인캠 2.5세대 | H5: 기 간 | J5: 2026
A6: 참조 스펙 | C6: 01_System_Spec_BLTN_CAM_v2_4(20260115).docx | H6: 담 당
A7: 플랫폼 Ver. | C7: 23.25.A0.11.03
A8: CAN DB Ver. | C8: 20230523_STD_DB_CAR_2021_HS_B2_v23.05.01.dbc | H8: LIN DB Ver. | J8: P-LBM_LIN_DB_A_01.ldf
B9: 차종 | C9: 이벤트 | D9: HU 타입 | E9: HU Ver. | G9: 주차 전원 | H9: H/W Ver. | J9: 진단/OTA | M9: 이더넷 속도
A10: 1 | B10: JK1 PE RUS | D10: ccIC | E10: JX1PE.KOR.ccNC.000.605.230831 | H10: 1.00
A11: 2
A15: No | B15: 항목 | G15: 총 TC 수 | H15: 실행 TC 수 | I15: 결과 | K15: 판정 | L15: 개선 검증 | M15: 비고
I16: 적합 | J16: 부적합
A17: 1 | B17: 녹화 제어 | C17: 주행 중 녹화 관련 기능 | G17: =COUNT((#REF!)) -> 0 | H17: =SUM(I17:J17) -> #REF! | I17: =COUNTIF(#REF!,"Pass") -> #REF! | J17: =COUNTIF(#REF!,"Fail") -> #REF! | K17: Fail | L17: Pass | M17: 23.25.A0.11.03 #2 개선확인
A18: 2 | C18: 주차 녹화 관련 기능 | G18: =COUNT('주차 후 녹화 기능'!H:H) -> 258 | H18: =SUM(I18:J18) -> 0 | I18: =COUNTIF('주차 후 녹화 기능'!K:K,"Pass") -> 0 | J18: =COUNTIF('주차 후 녹화 기능'!K:K,"Fail") -> 0 | K18: Pass | L18: -
A19: 3 | B19: 연동 제어 | C19: 헤드 유닛 연동 기능 | G19: =COUNT((#REF!)) -> 0 | H19: =SUM(I19:J19) -> #REF! | I19: =COUNTIF(#REF!,"Pass") -> #REF! | J19: =COUNTIF(#REF!,"Fail") -> #REF! | K19: Pass | L19: -
A20: 4 | C20: 보조배터리 소모 전력 및 연동 기능 | G20: =COUNT((#REF!)) -> 0 | H20: =SUM(I20:J20) -> #REF! | I20: =COUNTIF(#REF!,"Pass") -> #REF! | J20: =COUNTIF(#REF!,"Fail") -> #REF! | K20: Pass | L20: -
A21: 5 | C21: WiFi 연결 및 모바일 앱 연동 기능 | G21: =COUNT((#REF!)) -> 0 | H21: =SUM(I21:J21) -> #REF! | I21: =COUNTIF(#REF!,"Pass") -> #REF! | J21: =COUNTIF(#REF!,"Fail") -> #REF! | K21: Pass | L21: -
A22: 6 | C22: DCM 연동 기능 | G22: =COUNT((#REF!)) -> 0 | H22: =SUM(I22:J22) -> #REF! | I22: =COUNTIF(#REF!,"Pass") -> #REF! | J22: =COUNTIF('주차 후 녹화 기능'!K:K,"Fail") -> 0 | K22: Pass | L22: -
A23: 7 | B23: 서비스 제어 | C23: 빌트인캠 상태 정보 표시 관련 기능 | G23: =COUNT((#REF!)) -> 0 | H23: =SUM(I23:J23) -> #REF! | I23: =COUNTIF(#REF!,"Pass") -> #REF! | J23: =COUNTIF(#REF!,"Fail") -> #REF! | K23: Pass | L23: -
A24: 8 | C24: 커넥티드 관련 빌트인캠 상태 알림 관련 기능 | G24: =COUNT((#REF!)) -> 0 | H24: =SUM(I24:J24) -> #REF! | I24: =COUNTIF(#REF!,"Pass") -> #REF! | J24: =COUNTIF(#REF!,"Fail") -> #REF! | K24: Pass | L24: -
A25: 9 | B25: 기타 제어 | C25: 주행 중 차량정보(메타데이터) 저장 기능 | G25: =COUNT((#REF!)) -> 0 | H25: =SUM(I25:J25) -> #REF! | I25: =COUNTIF(#REF!,"Pass") -> #REF! | J25: =COUNTIF(#REF!,"Fail") -> #REF! | K25: Pass | L25: -
A26: 10 | C26: 녹화 영상 및 소리 재생 및 편집 기능 | G26: =COUNT((#REF!)) -> 0 | H26: =SUM(I26:J26) -> #REF! | I26: =COUNTIF(#REF!,"Pass") -> #REF! | J26: =COUNTIF(#REF!,"Fail") -> #REF! | K26: Pass | L26: -
A27: 11 | C27: 녹화 파일 정보 및 SD 카드 사양 확인 | G27: =COUNT((#REF!)) -> 0 | H27: =SUM(I27:J27) -> #REF! | I27: =COUNTIF(#REF!,"Pass") -> #REF! | J27: =COUNTIF(#REF!,"Fail") -> #REF! | K27: Pass | L27: -
A28: 12 | C28: 실시간 영상 출력, 차량 모드, 업데이트 외 | G28: =COUNT((#REF!)) -> 0 | H28: =SUM(I28:J28) -> #REF! | I28: =COUNTIF(#REF!,"Pass") -> #REF! | J28: =COUNTIF(#REF!,"Fail") -> #REF! | K28: Pass | L28: -
A29: 13 | B29: 동작 성능 | C29: 동작 성능 | G29: =COUNT('동작 성능'!H:H) -> 202 | H29: =SUM(I29:J29) -> 0 | I29: =COUNTIF('동작 성능'!K:K,"Pass") -> 0 | J29: =COUNTIF('동작 성능'!K:K,"Fail") -> 0 | K29: Pass | L29: -
A30: 14 | C30: 전기적 성능, 네트워크 동작 사양, 통신 정합성 외 | G30: =COUNT((#REF!)) -> 0 | H30: =SUM(I30:J30) -> #REF! | I30: =COUNTIF(#REF!,"Pass") -> #REF! | J30: =COUNTIF(#REF!,"Fail") -> #REF! | K30: Pass | L30: -
A31: 15 | B31: 진단 서비스 | C31: 고장진단, I/O Control 및 ERT기능 | G31: =COUNT((#REF!)) -> 0 | H31: =SUM(I31:J31) -> #REF! | I31: =COUNTIF(#REF!,"Pass") -> #REF! | J31: =COUNTIF(#REF!,"Fail") -> #REF! | K31: Pass | L31: -
A32: 16 | C32: ECU Identification 외 | G32: =COUNT((#REF!)) -> 0 | H32: =SUM(I32:J32) -> #REF! | I32: =COUNTIF(#REF!,"Pass") -> #REF! | J32: =COUNTIF(#REF!,"Fail") -> #REF! | K32: Pass | L32: -
A33: 17 | C33: Session, Communication Control 외 | G33: =COUNT((#REF!)) -> 0 | H33: =SUM(I33:J33) -> #REF! | I33: =COUNTIF(#REF!,"Pass") -> #REF! | J33: =COUNTIF(#REF!,"Fail") -> #REF! | K33: Pass | L33: -
A34: Total | G34: =SUM(G17:G33) -> 460 | H34: =SUM(H17:H33) -> #REF! | I34: =SUM(I17:I33) -> #REF! | J34: =SUM(J17:J33) -> #REF! | K34: Pass
A35: ※ 유럽 BLTN_CAM_RecSet_OWD = 0x1(OFF) : FRS 설정동작 이후 초기화 시 녹화설정 기본값은 OFF

Sheet TestCases
A1: ID, Name을 조합하여 {ID}: {Name}으로 Title 자동 입력
A2: ID | B2: Name | C2: Test method | D2: TC design method | E2: SyR ID | F2: Description | G2: Preconfition | H2: Step | I2: Test Procedure | J2: Expected Result
A3: 1. 공백, 언더바, 하이픈 연속 2번 사용 불가 2. 괄호 내 공백("( ", " )") 사용 불가 3. "," 사용 불가 | B3: 1. 공백, 언더바, 하이픈 연속 2번 사용 불가 2. 괄호 내 공백("( ", " )") 사용 불가 3. "," 사용 불가 | C3: - | D3: - | E3: 폴라리온 내 SyR Title 입력 (title기준은 A1셀 참고) | F3: Step 별로 구분되어 있는 경우 하나의 셀로 병합 되므로 구분자 추가 필요 | G3: Step 별로 구분되어 있는 경우 하나의 셀로 병합 되므로 구분자 추가 필요 | H3: - | I3: - | J3: -

Sheet 주행 중 녹화 기능
A1: {="OWD_"&TEXT(MAX(IFERROR(--MID($A$2:$A$4931,5,3),0)),"000")} -> OWD_051 | E1: English Translation | F1: English Translation | G1: English Translation | I1: English Translation | J1: English Translation
A2: ID | B2: SyR ID | C2: Test method | D2: TC design method | E2: Name | F2: Description | G2: Preconfition | H2: Step | I2: Test Procedure | J2: Expect Result | K2: Result | L2: Measure Value | M2: Remarks | O2: Manual (Basic) | P2: Automation (Basic) | Q2: Automation Applied | R2: Specification Category
A3: OWD_001 | B3: SyR-FR-058,SyR-FR-059,SyR-FR-060 | C3: Requirement-based test | D3: Requirements Analysis | E3: [Continuous recording while driving] - (1) | F3: Check initial values ​​for continuous driving recording settings | G3: ▪ Built-in Cam: Booted successfully ▪ Front/Rear Camera: Recognized by the system ▪ SD Card: Original installed and ready to store data ▪ DCM/CCU/CW: Connected and recognized by the system ▪ Vehicle Power: KEY ON ▪ Vehicle Voltage: 12V | H3: 1 | I3: ▪ ICUPowerAutoCutModesta = 0x0 (Factory mode) → 0x2 (Customer mode) ▪ Transmit CF_AVN_BLTN_CAM_USMReset = 0x1 (Built-in Cam USM Reset) signal - Check initial values | J3: ▪ BLTN_CAM_RecSet_OWD = 0x1(OFF) : Initial value to OFF after changing from Factory mode to Customer mode | O3: O | P3: X | Q3: O
H4: 2 | I4: ▪ Turn on Parking Continuous Recording Setting (to check the initial value after FRS setting operation) ▪ Transmit CF_AVN_BLTN_CAM_USMReset = 0x1 (Built-in Cam USM Reset) signal | J4: BLTN_CAM_RecSet_OWD = 0x2(ON) : The default recording setting is ON when initializing after FRS setup operation. | O4: X | P4: X | Q4: X
A5: OWD_002 | B5: SyR-FR-001,SyR-IF-001,SyR-NFR-001,SEQ006 | C5: Requirement-based test | D5: Requirements Analysis | E5: [Continuous Recording While Driving] - (2) | F5: Confirmation that continuous driving recording is not working in BLTN_CAM mode | G5: ▪ Built-in Cam: Booted successfully ▪ Front/Rear Camera: Recognized by the system ▪ SD Card: Original installed and ready to save ▪ DCM/CCU/CW: Connected and recognized by the system ▪ Vehicle Power: KEY ON ▪ Vehicle Voltage: 12V ▪ Settings: Continuous Driving Recording / Driving Event Settings ON | H5: 1 | I5: ▪ Enter Built-in Cam Mode ▪ Check Recording Status Signal | J5: ▪ BLTN_CAM_RecSta_OWD = 0x0(OFF) | O5: O | P5: O | Q5: O
H6: 2 | I6: ▪ Check front/rear camera indicator | J6: ▪ F/R-CAM_INDI = OFF | O6: O | P6: X | Q6: X
H7: 3 | I7: ▪ Check EVENT_SW_INDI | J7: ▪ EVENT_SW_INDI = OFF | O7: O | P7: O | Q7: O
F8: Confirmed non-operation of continuous driving recording in Engineer mode | H8: 4 | I8: ▪ Enter Engineer Mode ▪ Check Recording Status Signal | J8: ▪ BLTN_CAM_RecSta_OWD = 0x0(OFF) | O8: X | P8: O | Q8: O
H9: 5 | I9: ▪ Check front/rear camera indicator | J9: ▪ F/R-CAM_INDI = OFF | O9: X | P9: X | Q9: X
H10: 6 | I10: ▪ Check EVENT_SW_INDI | J10: ▪ EVENT_SW_INDI = OFF | O10: X | P10: O | Q10: O
F11: Check recording operation in AVN mode (IGN power) | H11: 7 | I11: ▪ Switch AVN screen ▪ Check recording status signal | J11: ▪ BLTN_CAM_RecSta_OWD = 0x1(Recoreding) ※ The signal delay between the actual recording time and the actual recording time will be 1 second. | O11: O | P11: O | Q11: O
H12: 8 | I12: ▪ Check the time taken to start recording (In Built-in Cam mode, the time is measured by the stopwatch as soon as the HOME button is pressed, and recorded as the time captured in the recording file) | J12: ▪ Recording starts within 4 seconds of exiting Built-in Cam mode | O12: O | P12: X | Q12: X
H13: 9 | I13: ▪ Check front/rear camera indicator | J13: ▪ F/R-CAM_INDI = Blink - Blink Frequency: 0.5Hz(Duty : 50%) | O13: O | P13: X | Q13: X
H14: 10 | I14: ▪ Check EVENT_SW_INDI | J14: ▪ EVENT_SW_INDI = ON | O14: O | P14: O | Q14: O
F15: Check recording operation in AVN mode (ACC power) | H15: 11 | I15: ▪ Switch AVN screen ▪ Check recording status signal | J15: ▪ BLTN_CAM_RecSta_OWD = 0x1(Recoreding) | O15: O | P15: O | Q15: O
H16: 12 | I16: ▪ Check the time taken to start recording (In Built-in Cam mode, the time is measured by the stopwatch as soon as the HOME button is pressed, and recorded as the time captured in the recording file) | J16: ▪ Recording starts within 4 seconds of exiting Built-in Cam mode | O16: O | P16: X | Q16: X
H17: 13 | I17: ▪ Check front/rear camera indicator | J17: ▪ F/R-CAM_INDI = Flash - Flash Frequency: 0.5Hz (Flash Duty: 50%) | O17: O | P17: X | Q17: X
H18: 14 | I18: ▪ Check EVENT_SW_INDI | J18: ▪ EVENT_SW_INDI = ON | O18: O | P18: O | Q18: O
A19: OWD_003 | B19: SyR-FR-001,SyR-IF-001,SyR-NFR-001,SyR-IF-064,SyR-CON-036,SyR-FR-099,SyR-CON-037,SyR-FR-101,SyR-FR-102,SyR-FR-104,SyR-FR-105,SyR-CON-038,SEQ006 | C19: Requirement-based test | D19: Requirements Analysis | E19: [Continuous Recording While Driving] - (3) | F19: Confirm recording file creation (3 minutes) - Create 3 1-minute recording files | G19: ▪ Built-in Cam: Boot complete ▪ Front/Rear Camera: System recognized correctly ▪ SD Card: Original installed and ready to save ▪ DCM/CCU/CW: System connected and recognized correctly ▪ Vehicle Power: KEY ON ▪ Vehicle Voltage: 12V ▪ Settings: Continuous Driving Recording / Driving Event Settings ON ▪ AVN Mode | H19: 1 | I19: ▪ 3-minute standby ▪ Enter Built-in Cam main screen ▪ [Always on while driving] Check storage box | J19: ▪ Thumbnail and video name (date and time) should be verified correctly. ▪ Three videos (front + rear) (60 sec) should be combined and displayed as a single group. | O19: X | P19: X | Q19: X
H20: 2 | I20: ▪ Play generated recording file | J20: ▪ There should be no issues with video tearing, black screens, noise, or video color. | O20: X | P20: X | Q20: X
F21: Check recording file specifications | H21: 3 | I21: ▪ Check the frame rate of the generated recording file on the PC | J21: ▪ Video saving/playback frame rate 30 FPS | O21: O | P21: X | Q21: X
H22: 4 | I22: ▪ Check the resolution of the generated recording file on the PC | J22: ▪ Resolution 2980*1440 (QHD) | O22: O | P22: X | Q22: X
H23: 5 | I23: ▪ Check audio on the generated recording file on the PC | J23: ▪ Voice recording available | O23: X | P23: X | Q23: X
H24: 6 | I24: ▪ Check horizontal flip of the generated recording file on the PC | J24: ▪ No horizontal flip of the video | O24: O | P24: X | Q24: X
F25: Check for abnormalities while maintaining driving recording for 5 minutes or more. | H25: 7 | I25: ▪ Driving recording in progress ▪ Monitoring BLTN_CAM_RecSet_OWD signal for 5 minutes | J25: ▪ BLTN_CAM_RecSet_OWD signal remains ON (Will not turn OFF at the time of recording file creation) | O25: O | P25: X | Q25: X
F26: Check that the continuous driving recording setting is OFF. | H26: 8 | I26: ▪ Built-in Cam Main Screen ▪ [Settings] - [Recording] - [Recording While Driving] - Continuous Recording Setting OFF | J26: ▪ BLTN_CAM_RecSet_OWD = 0x1(OFF) | O26: X | P26: O | Q26: O
F27: Confirmation that continuous driving recording does not operate when recording setting is OFF | H27: 9 | I27: ▪ [Settings] - [Recording] - [Recording While Driving] - Turn Off Continuous Driving Recording / Turn Off Driving Event Settings ▪ Switch AVN Screen ▪ Check Recording Status Signal | J27: ▪ BLTN_CAM_RecSta_OWD = 0x0(OFF) | O27: X | P27: O | Q27: O
H28: 10 | I28: ▪ Check front/rear camera indicator | J28: ▪ F/R-CAM_INDI = OFF | O28: X | P28: X | Q28: X
F29: Separate group index when date changes during recording | H29: 11 | I29: ▪ [Settings] - [Recording] - [Recording While Driving] - Continuous Driving Recording ON / Driving Event Settings ON ▪ [System Settings] - Change System Time to 23:58:00 ▪ Driving recording starts at 23:58:30 ▪ After 3 minutes, 3 recording files are created, then check the driving recording video list | J29: ▪ Created as 2 recording groups - 23:58:30 ~ 00:00:30 - 00:00:30 ~ 00:01:30 | O29: X | P29: X | Q29: X
A30: OWD_004 | B30: SyR-FR-001,SyR-IF-001,SyR-NFR-001SyR-IF-064,SyR-CON-036,SyR-FR-099,SyR-CON-037,SyR-FR-101,SyR-FR-102,SyR-FR-104SyR-CON-038,SEQ006 | C30: Requirement-based test | D30: Requirements Analysis | E30: [Continuous Recording While Driving] - (4) | F30: Check the recording file after entering parking recording. | G30: ▪ Built-in Cam: Boot complete ▪ Front/Rear Camera: System recognized correctly ▪ SD Card: Original installed and ready to save ▪ DCM/CCU/CW: System connected and recognized correctly ▪ Vehicle Power: KEY ON ▪ Vehicle Voltage: 12V ▪ Settings: Continuous Driving Recording / Driving Event Settings ON ▪ AVN Mode | H30: 1 | I30: ▪ Turn KEY OFF to enter Parking Recording (Records for 10 seconds) ▪ Turn ACC and IGN ON to start Driving Recording (Records for 10 seconds) ▪ Repeat the above 5 times, then check the [Always Recording While Driving] box | J30: ▪ Thumbnail and video name (date and time) should be verified correctly | O30: O | P30: X | Q30: X
H31: 2 | I31: ▪ Play generated recording file | J31: ▪ There should be no issues with video tearing, black screens, noise, or video color. | O31: O | P31: X | Q31: X
F32: Check whether recording is performed after repeatedly turning IGN ON/OFF | H32: 3 | I32: ▪ Repeat ACC & IGN ON/OFF quickly 20 times ▪ ACC & IGN ON ▪ Check recording status signal | J32: ▪ BLTN_CAM_RecSet_OWD = 0x2(ON) | O32: O | P32: X | Q32: O
H33: 4 | I33: ▪ Check front/rear camera indicator | J33: ▪ F/R-CAM_INDI = Flash - Flash Frequency: 0.5Hz (Flash Duty: 50%) | O33: O | P33: X | Q33: X
H34: 5 | I34: ▪ Check EVENT_SW_INDI | J34: ▪ EVENT_SW_INDI = ON | O34: O | P34: X | Q34: O
A35: OWD_033 | B35: SyR-FR-063,SyR-FR-001,SyR-IF-001,SyR-NFR-001 | C35: Requirement-based test | D35: Requirements Analysis | E35: (European Version) One-time setting for continuous driving recording | F35: Confirmation that continuous driving recording is not performed after entering parking recording. | G35: ▪ Built-in Cam: Boot complete ▪ Front/Rear Camera: System recognized correctly ▪ SD Card: Original installed and ready to save ▪ DCM/CCU/CW: System connected and recognized correctly ▪ Vehicle Power: KEY ON ▪ Vehicle Voltage: 12V ▪ Settings: Continuous Driving Recording / Driving Event Settings ON ▪ AVN Mode | H35: 1 | I35: ▪ Driving recording for 10 seconds with ACC and IGN ON ▪ Enter parking recording by turning KEY OFF (10-second parking recording) ▪ Driving recording does not proceed when ACC and IGN are ON | J35: ▪ BLTN_CAM_RecSet_OWD = 0x1(OFF) ▪ BLTN_CAM_RecSta_OWD = 0x0(OFF) | O35: X | P35: X | Q35: O
F36: Check whether recording is performed after repeatedly turning IGN ON/OFF | H36: 2 | I36: ▪ Repeat ACC & IGN ON/OFF quickly 20 times ▪ ACC & IGN ON ▪ Check recording status signal | J36: ▪ BLTN_CAM_RecSet_OWD = 0x1(OFF) | O36: X | P36: X | Q36: O
H37: 3 | I37: ▪ Check front/rear camera indicator | J37: ▪ F/R-CAM_INDI = OFF | O37: X | P37: X | Q37: X
H38: 4 | I38: ▪ Check EVENT_SW_INDI | J38: ▪ EVENT_SW_INDI = OFF | O38: X | P38: X | Q38: O
A39: OWD_005 | B39: SyR-FR-001,SyR-IF-001,SyR-NFR-001,SyR-FR-254,SyR-IF-064,SyR-FR-110,SEQ006 | C39: Requirement-based test | D39: Requirements Analysis Scenario-based Testing | E39: [Impact of continuous recording while driving] - (1) | F39: Checking the impact of simultaneous recording of other videos during driving recording | G39: ▪ Built-in Cam: Booted successfully ▪ Front/Rear Camera: Recognized by the system ▪ SD Card: Original installed and ready to store data ▪ DCM/CCU/CW: Connected and recognized by the system ▪ Vehicle Power: KEY ON ▪ Vehicle Voltage: 12V | H39: 1 | I39: ▪ Turn on Continuous Driving / Driving Event Recording Settings | J39: ▪ BLTN_CAM_RecSet_OWD = 0x2(ON) | O39: X | P39: X | Q39: O
H40: 2 | I40: ▪ AVN screen switching ▪ Start time-lapse recording (long press Event Switch) | J40: ▪ BLTN_CAM_RecSta TML = 0x1(Recording) | O40: X | P40: X | Q40: O
H41: 3 | I41: ▪ Switch Event Authorization | J41: ▪ BLTN_CAM_RecSta_MAR = 0x1(Recording) | O41: X | P41: X | Q41: O
H42: 4 | I42: ▪ Authorize Shock Event (Event Recording Setting ON) | J42: ▪ BLTN_CAM_RecSta_DEV = 0x1(Recording) | O42: X | P42: X | Q42: O
H43: 5 | I43: ▪ 1-Minute Standby ▪ Built-in Cam Main Screen ▪ [Always On While Driving] Check Storage Box | J43: ▪ Confirm saving of continuous recording files while driving - Create 1 list of Front & Rear Video (60 sec) | O43: X | P43: X | Q43: X
H44: 6 | I44: ▪ Confirm repeated entry/exit motion of built-in cam 5 times | J44: ▪ Must be able to enter and exit normally - Must not be kicked back to the CW screen - Must not reboot | O44: X | P44: X | Q44: O
H45: 7 | I45: ▪ Check recorded video | J45: ▪ Verify that recording files for Driving Continuous/Impact/Manual/Time-lapse are saved ▪ There should be no issues with video distortion, black screens, noise, video color, etc. | O45: X | P45: X | Q45: X
F46: Verification of the impact of low voltage during driving recording | H46: 8 | I46: ▪ Proceed with the following while driving recording is in progress on the AVN screen ▪ Verify while varying the input voltage from 12 V to 9 V | J46: ▪ BLTN_CAM_RecSta_OWD = 0x1(Recording) ▪ F/R-CAM_INDI No issues ▪ EVENT_SW_INDI No issues ▪ Confirmed continuous recording file saving while driving - Created 1 list of front & rear video (60 sec) | O46: X | P46: X | Q46: O
F47: Confirmation of High Voltage Impact During Driving Recording | H47: 9 | I47: ▪ Proceed with the following while driving recording is in progress on the AVN screen ▪ Verify while varying the input voltage from 12 V to 16 V | J47: ▪ BLTN_CAM_RecSta_OWD = 0x1(Recording) ▪ F/R-CAM_INDI No issues ▪ EVENT_SW_INDI No issues ▪ Confirmed continuous recording file saving while driving - Created 1 list of front & rear video (60 sec) | O47: X | P47: X | Q47: O
A48: OWD_006 | B48: SyR-FR-001,SyR-IF-001,SyR-NFR-001,SyR-IF-064,SyR-CON-036,SyR-FR-099,SyR-CON-037,SyR-FR-101,SyR-FR-102,SyR-FR-104,SyR-FR-106,SyR-CON-038,SyR-FR-110,SEQ006 | C48: Requirement-based test | D48: Requirements Analysis | E48: [Impact of Continuous Recording While Driving] - (2) | F48: IGN On during driving recording with ACC On power | G48: ▪ Built-in Cam: Boot complete ▪ Front/Rear Camera: System recognized correctly ▪ SD Card: Original installed and ready to save ▪ DCM/CCU/CW: System connected and recognized correctly ▪ Vehicle Power: KEY ON ▪ Vehicle Voltage: 12V ▪ Settings: Continuous Driving Recording / Driving Event Settings ON ▪ AVN Mode | H48: 1 | I48: ▪ ACC On, IGN Off ▪ IGN On during driving recording ▪ Check driving recording status signal | J48: ▪ BLTN_CAM_RecSta_OWD = 0x1(Recording) | O48: X | P48: X | Q48: O
H49: 2 | I49: ▪ Verify built-in cam entry/exit operation | J49: ▪ Must be able to enter and exit normally - Must not be kicked back to the CW screen - Must not reboot | O49: X | P49: X | Q49: O
H50: 3 | I50: ▪ [Always on while driving] Check storage box | J50: ▪ Verify that continuous recording files are saved while driving ▪ There should be no issues such as video distortion, black screens, noise, or video color quality. | O50: X | P50: X | Q50: X
F51: IGN On during simultaneous recording with ACC On power | H51: 4 | I51: ▪ ACC On, IGN Off ▪ Recording starts in the following sequence: Normal Driving → Time-lapse → Impact → Manual Recording ▪ IGN On after a 10-second wait ▪ Check recorded video signal | J51: ▪ BLTN_CAM_RecSta_OWD = 0x1(Recording) ▪ BLTN_CAM_RecSta_TML = 0x1(Recording) ▪ BLTN_CAM_RecSta_DEV = 0x1(Recording) ▪ BLTN_CAM_RecSta_MAR = 0x1(Recording) | O51: X | P51: X | Q51: O
H52: 5 | I52: ▪ Verify built-in cam entry/exit operation | J52: ▪ Must be able to enter and exit normally - Must not be kicked back to the CW screen - Must not reboot | O52: X | P52: X | Q52: O
H53: 6 | I53: ▪ Check recorded video | J53: ▪ Verify that recording files for Driving Continuous/Impact/Manual/Time-lapse are saved ▪ There should be no issues with video distortion, black screens, noise, video color, etc. | O53: X | P53: X | Q53: X
F54: ACC On while driving recording with IGN On power | H54: 7 | I54: ▪ ACC Off, IGN On ▪ ACC On while driving recording is in operation ▪ Check driving recording status signal | J54: ▪ BLTN_CAM_RecSet_OWD = 0x2(ON) | O54: X | P54: X | Q54: O
H55: 8 | I55: ▪ Verify built-in cam entry/exit operation | J55: ▪ Must be able to enter and exit normally - Must not be kicked back to the CW screen - Must not reboot | O55: X | P55: X | Q55: O
H56: 9 | I56: ▪ [Always on while driving] Check storage box | J56: ▪ Verify that continuous recording files are saved while driving ▪ There should be no issues such as video distortion, black screens, noise, or video color quality. | O56: X | P56: X | Q56: X
F57: ACC On while simultaneous recording on IGN On power | H57: 10 | I57: ▪ ACC Off, IGN On ▪ Recording starts in the following sequence: Normal Driving → Time-lapse → Impact → Manual Recording ▪ Turn ACC On after a 10-second wait ▪ Check recorded video signal | J57: ▪ BLTN_CAM_RecSta_OWD = 0x1(Recording) ▪ BLTN_CAM_RecSta_TML = 0x1(Recording) ▪ BLTN_CAM_RecSta_DEV = 0x1(Recording) ▪ BLTN_CAM_RecSta_MAR = 0x1(Recording) | O57: X | P57: X | Q57: O
H58: 11 | I58: ▪ Verify built-in cam entry/exit operation | J58: ▪ Must be able to enter and exit normally - Must not be kicked back to the CW screen - Must not reboot | O58: X | P58: X | Q58: O
H59: 12 | I59: ▪ Check recorded video | J59: ▪ Verify that recording files for Driving Continuous/Impact/Manual/Time-lapse are saved ▪ There should be no issues with video distortion, black screens, noise, video color, etc. | O59: X | P59: X | Q59: X
A60: OWD_007 | B60: SyR-FR-015,SyR-FR-001,SyR-IF-001,SyR-NFR-001 | C60: Requirement-based test | D60: Requirements Analysis | E60: [When camera video is not input] | F60: Front camera removed, driving recording + time-lapse + manual event | G60: ▪ Built-in Cam: Boot complete ▪ Front/Rear Camera: System recognized correctly ▪ SD Card: Original installed and ready to save ▪ DCM/CCU/CW: System connected and recognized correctly ▪ Vehicle Power: KEY ON ▪ Vehicle Voltage: 12V ▪ Settings: Continuous Driving Recording / Driving Event Settings ON ▪ AVN Mode | H60: 1 | I60: ▪ Proceed with Driving Recording + Time-lapse + Manual Event Recording ▪ Remove front camera after 30 seconds ▪ Reattach camera after 20 seconds ▪ Check generated recording files after 30 seconds | J60: ▪ Recorded video file created (Black screen recording if video input is missing) ▪ Camera restored to normal within 2 seconds after installation (Recorded file driving data, capacity, playback time) | O60: X | P60: X | Q60: X
F61: Rear camera removal, driving recording + time-lapse + manual/impact events | H61: 2 | I61: ▪ Proceed with Driving Recording + Time-lapse + Manual Event Recording ▪ Remove rear camera after waiting 30 seconds ▪ Reinstall camera after waiting 20 seconds ▪ Check generated recording files after waiting 30 seconds | J61: ▪ Recorded video file created (Black screen recording if video input is missing) ▪ Camera restored to normal within 2 seconds after installation (Recorded file driving data, capacity, playback time) | O61: X | P61: X | Q61: X
F62: Front/Rear Camera Removal, Driving Recording + Time-lapse + Manual Event | H62: 3 | I62: ▪ Proceed with Driving Recording + Time-lapse + Manual Event Recording ▪ Remove Front + Rear Cameras after 30 seconds ▪ Reinstall Cameras after 20 seconds ▪ Check generated recording files after 30 seconds | J62: ▪ Recorded video file created (Black screen recording if video input is missing) ▪ Camera restored to normal within 2 seconds after installation (Recorded file driving data, capacity, playback time) | O62: X | P62: X | Q62: X
F63: When attaching/detaching the front camera during driving recording | H63: 4 | I63: ▪ Front camera removal during driving recording | J63: ▪ BLTN_CAM_State = 0x1(Front camera recording disabled) | O63: X | P63: X | Q63: X
H64: 5 | I64: ▪ Front Camera Installation ▪ Remove and reattach quickly within 1 second, repeating this 10 times, then reattach. | J64: ▪ Recorded video file created (Black screen recorded if no video input) ▪ Camera restored to normal within 2 seconds after installation (Recorded file driving data, capacity, playback time) ▪ Impact events are not recorded | O64: X | P64: X | Q64: X
H65: 6 | I65: ▪ Check status signal | J65: ▪ BLTN_CAM_State = 0x0 (Normal operation) | O65: X | P65: X | Q65: X
F66: Impact of Front Camera Removal During Driving Recording on CAN Communication | H66: 7 | I66: ▪ Removal/Installation of front camera during driving recording | J66: ▪ Maintain normal CAN communication | O66: X | P66: X | Q66: X
F67: When attaching or detaching the rear camera during driving recording | H67: 8 | I67: ▪ Removal of rear camera during driving recording | J67: ▪ BLTN_CAM_State = 0x2(Rear camera recording disabled) | O67: X | P67: X | Q67: X
H68: 9 | I68: ▪ Rearview Camera Installation ▪ Remove and reattach quickly within 1 second, repeating this 10 times, then install. | J68: ▪ Recorded video file created (Black screen recorded if no video input) ▪ Camera restored to normal within 2 seconds after installation (Recorded file driving data, capacity, playback time) ▪ Impact events are not recorded | O68: X | P68: X | Q68: X
H69: 10 | I69: ▪ Check status signal | J69: ▪ BLTN_CAM_State = 0x0 (Normal operation) | O69: X | P69: X | Q69: X
F70: Impact of CAN communication when removing the rear camera during driving recording | H70: 11 | I70: ▪ Removal/Installation of rear camera during driving recording | J70: ▪ Maintain normal CAN communication | O70: X | P70: X | Q70: X
F71: Check G-sensor operation status after attaching/detaching the camera during driving recording | H71: 12 | I71: ▪ Remove front camera while driving recording is in progress ▪ Remove front camera after waiting 30 seconds ▪ Reinstall camera after waiting 20 seconds ▪ Authorize impact event | J71: ▪ Recorded video file created (Black screen recording if no video input) ▪ Camera restored to normal within 2 seconds after installation (Recorded file driving data, capacity, playback time) ▪ Confirmation of impact event recording saved | O71: X | P71: X | Q71: X
H72: 13 | I72: ▪ ↑ Verify that the above procedure is repeated 10 times | J72: ▪ Recorded video file created (Black screen recording if no video input) ▪ Camera restored to normal within 2 seconds after installation (Recorded file driving data, capacity, playback time) ▪ Confirmation of impact event recording saved | O72: X | P72: X | Q72: X
F73: Check voice recording after attaching/detaching the camera during parking recording | H73: 14 | I73: ▪ Remove front camera while parking recording is in progress ▪ Turn KEY ON ▪ Install front camera before starting continuous driving recording ▪ Authorize impact and manual events ▪ Check generated recording file after waiting 1 minute | J73: ▪ Recorded video file created (Black screen recording if no video input) ▪ Camera restored to normal within 2 seconds after installation (Recorded file driving data, capacity, playback time) ▪ Check audio sync for continuous driving recording | O73: X | P73: X | Q73: X
H74: 15 | I74: ▪ ↑ Verify that the above procedure is repeated 10 times | J74: ▪ Recorded video file created (Black screen recording if no video input) ▪ Camera restored to normal within 2 seconds after installation (Recorded file driving data, capacity, playback time) ▪ Confirmation of impact event recording saved | O74: X | P74: X | Q74: X
A75: OWD_008 | B75: SyR-FR-253,SyR-FR-255,SyR-FR-001,SyR-IF-001,SyR-NFR-001 | C75: Requirement-based test | D75: Requirements Analysis Decision Table Testing | E75: [Power Fail Safety Operation] : Emergency Power (Super Cap) Performance (Driving) | F75: B+ OFF during continuous recording while driving | G75: ▪ Built-in Cam: Boot complete ▪ Front/Rear Camera: System recognized correctly ▪ SD Card: Original installed and ready to save ▪ DCM/CCU/CW: System connected and recognized correctly ▪ Vehicle Power: KEY ON ▪ Vehicle Voltage: 12V ▪ Settings: Continuous Driving Recording / Driving Event Settings ON ▪ AVN Mode | H75: 1 | I75: ▪ Continuous video recording while driving ▪ B+ Power Input OFF | J75: ▪ The file being recorded just before power off is saved | O75: X | P75: X | Q75: X
F76: Recording events (impacts) while driving | H76: 2 | I76: ▪ Recording of impact video during driving ▪ B+ Power Input OFF | J76: ▪ The file being recorded just before power off is saved | O76: X | P76: X | Q76: X
F77: Recording events (switch) while driving | H77: 3 | I77: ▪ Video recording of event switch while driving ▪ B+ Power input OFF | J77: ▪ The file being recorded just before power off is saved | O77: X | P77: X | Q77: X
F78: Recording time-lapse | H78: 4 | I78: ▪ Time-lapse video recording ▪ B+ Power input OFF | J78: ▪ The file being recorded just before power off is saved | O78: X | P78: X | Q78: X
F79: Continuous driving, impact events, switch events, and time-lapse recording in progress | H79: 5 | I79: ▪ Simultaneous recording of time-lapse, impact events, and switch events while driving ▪ B+ power input OFF | J79: ▪ The file being recorded just before power off is saved | O79: O | P79: X | Q79: X
F80: B+ OFF during continuous recording while driving | H80: 6 | I80: ▪ Continuous video recording while driving, rear camera not recognized ▪ B+ power input OFF | J80: ▪ The file being recorded just before power off is saved | O80: X | P80: X | Q80: X
A81: OWD_009 | B81: SyR-FR-058,SyR-FR-059,SyR-FR-060 | C81: Requirement-based test | D81: Requirements Analysis | E81: [Recording of Driving Event Impacts] - (1) | F81: Check default values ​​for driving event (impact) recording settings | G81: ▪ Built-in Cam: Boot complete ▪ Front/Rear Camera: System recognized correctly ▪ SD Card: Original installed and ready to save ▪ DCM/CCU/CW: System connected and recognized correctly ▪ Vehicle Power: KEY ON ▪ Vehicle Voltage: 12V ▪ Settings: Continuous Driving Recording / Driving Event Settings ON ▪ AVN Mode | H81: 1 | I81: ▪ ICUPowerAutoCutModeSta = 0x0(Factory mode) → 0x2(Customer mode) ▪ Built-in Cam Main Screen ▪ [Settings] - [Reset Built-in Cam Settings] - [Recording] - [Record While Driving] - Check Default Values | J81: ▪ BLTN_CAM_RecSet_DEV = 0x1(OFF), Continuous recording while driving OFF : Value initialized to OFF after changing from Factory mode to Customer mode | O81: O | P81: X | Q81: O
H82: 2 | I82: ▪ [CW Settings] - [General] - [Reset] - [Delete Guest Profile / Reset System] | J82: ▪ BLTN_CAM_RecSet_DEV = 0x2(ON) : The default recording setting is ON when initializing after FRS setup operation. | O82: X | P82: X | Q82: X
H83: 3 | I83: ▪ [Settings] - [Event Detection Sensitivity] - Check Recording While Driving | J83: ▪ BLTN_CAM_SenSet_DEV = 0x3(LV.3) | O83: O | P83: X | Q83: O
A84: OWD_010 | B84: SyR-FR-003,SyR-IF-003,SyR-NFR-003 | C84: Requirement-based test | D84: Requirements Analysis | E84: [Recording of Driving Event Impacts] - (2) | F84: Confirmation that event recording is not working in BLTN_CAM mode | G84: ▪ Built-in Cam: Booted successfully ▪ Front/Rear Camera: Recognized by system ▪ SD Card: Original installed and ready to save ▪ DCM/CCU/CW: Connected and recognized by system ▪ Vehicle Power: KEY ON ▪ Vehicle Voltage: 12V ▪ Settings: Continuous Driving Recording / Driving Event Setting ON ▪ Event Recording Time Before/After: Set to 10s | H84: 1 | I84: ▪ Enter Built-in Cam Mode ▪ Authorize Impact Event ▪ Check Recording Status Signal | J84: ▪ BLTN_CAM_RecSta_DEV = 0x0(OFF) | O84: O | P84: O | Q84: O
H85: 2 | I85: ▪ Check front/rear camera indicator | J85: ▪ F/R-CAM_INDI = OFF | O85: O | P85: X | Q85: X
H86: 3 | I86: ▪ Check EVENT_SW_INDI | J86: ▪ EVENT_SW_INDI = OFF | O86: O | P86: O | Q86: O
F87: Check for no events occurring while driving in AVN mode (IGN) | H87: 4 | I87: ▪ Entered Built-in Cam Mode ▪ ACC Off, IGN On ▪ Impact Event Authorization ▪ AVN Screen Switches Within 10 Seconds After Impact Event Authorization ▪ Check Recording Status Signal | J87: ▪ BLTN_CAM_RecSta_DEV = 0x0(OFF) | O87: X | P87: O | Q87: O
H88: 5 | I88: ▪ Check front/rear camera indicator | J88: ▪ F/R-CAM_INDI = Blink - Blink Frequency: 0.5Hz(Duty : 50%) | O88: X | P88: X | Q88: X
H89: 6 | I89: ▪ Check EVENT_SW_INDI | J89: ▪ EVENT_SW_INDI = ON | O89: X | P89: O | Q89: O
F90: Confirm driving event recording operation in AVN mode (IGN) | H90: 7 | I90: ▪ Enter AVN Mode ▪ Enable Impact Event ▪ Check Recording Status Signal | J90: ▪ BLTN_CAM_RecSta_DEV = 0x1(Recording) | O90: O | P90: O | Q90: O
H91: 8 | I91: ▪ Check front/rear camera indicator | J91: ▪ F/R-CAM_INDI = Blink - Blink Frequency: 1Hz(Duty : 50%) | O91: O | P91: X | Q91: X
H92: 9 | I92: ▪ Flashing time measurement | J92: ▪ Flash time measurement: 10 seconds | O92: O | P92: X | Q92: X
H93: 10 | I93: ▪ Check EVENT_SW_INDI | J93: ▪ EVENT_SW_INDI = Flash - Flash Frequency: 1Hz(Duty : 50%) | O93: O | P93: O | Q93: O
H94: 11 | I94: ▪ Flashing time measurement | J94: ▪ Flash time measurement: 10 seconds | O94: O | P94: O | Q94: O
F95: Check for no events occurring while driving in AVN mode (ACC) | H95: 12 | I95: ▪ Enter Built-in Cam Mode ▪ ACC On, IGN Off ▪ Enable Impact Event ▪ Switch AVN screen within 10 seconds after enabling Impact Event ▪ Check recording status signal | J95: ▪ BLTN_CAM_RecSta_DEV = 0x0(OFF) | O95: X | P95: O | Q95: O
H96: 13 | I96: ▪ Check front/rear camera indicator | J96: ▪ F/R-CAM_INDI = Blink - Blink Frequency: 0.5Hz(Duty : 50%) | O96: X | P96: X | Q96: X
H97: 14 | I97: ▪ Check EVENT_SW_INDI | J97: ▪ EVENT_SW_INDI = OFF | O97: X | P97: O | Q97: O
F98: Confirmation of driving event recording operation in AVN mode (ACC) | H98: 15 | I98: ▪ Enter AVN Mode ▪ Enable Impact Event ▪ Check Recording Status Signal | J98: ▪ BLTN_CAM_RecSta_DEV = 0x1(Recording), (for 10 seconds) | O98: O | P98: O | Q98: O
H99: 16 | I99: ▪ Shock Event Confirmed ▪ Check Recording Status Signal | J99: ▪ F/R-CAM_INDI = Blink - Blink Frequency: 1Hz(Duty : 50%) | O99: O | P99: X | Q99: X
H100: 17 | I100: ▪ Flashing time measurement | J100: ▪ Flash time measurement: 10 seconds | O100: O | P100: X | Q100: X
...

Sheet 주차 후 녹화 기능
A1: {="OWP_"&TEXT(MAX(IFERROR(--MID($A$2:$A$4966,5,3),0)),"000")} -> OWP_031 | E1: English Translation | F1: English Translation | G1: English Translation | I1: English Translation | J1: English Translation
A2: ID | B2: SyR ID | C2: Test method | D2: TC design method | E2: Name | F2: Description | G2: Precondition | H2: Step | I2: Test Procedure | J2: Expected Result | K2: Result | L2: Measure Value | M2: Remarks | O2: Manual (Basic) | P2: Automation (Basic) | Q2: Automation Applied | R2: Specification Category
A3: OWP_001 | B3: SyR-FR-002,SyR-IF-020,SyR-FR-052,SyR-FR-060,SyR-FR-065 | C3: ▪ Requirement-based test | D3: ▪ Requirements Analysis | E3: [Continuous Recording While Parked] : Check Initial Value | F3: Check initial values ​​for continuous parking recording settings | G3: ▪ Built-in Cam: Booted successfully ▪ Front/Rear Camera: Recognized by the system ▪ SD Card: Original installed and ready to store data ▪ DCM/CCU/CW: Connected and recognized by the system ▪ Vehicle Power: KEY ON ▪ Vehicle Voltage: 12V | H3: 1 | I3: ▪ ICUPowerAutoCutMode = 0x0(Factory mode) ▪ ICUPowerAutoCutMode = 0x2(Customer mode) ▪ CF_AVN_BLTN_CAM_USMReset = 0x1 (Built-in Cam USM Reset) signal transmission | J3: ▪ Check Initial Values : Always Parking OFF, Parking Event OFF, Event Notification ON | O3: X | P3: X | Q3: O | R3: 주차녹화_지원
H4: 2 | I4: ▪ Driving Continuous Recording Setting ON ▪ Transmit CF_AVN_BLTN_CAM_USMReset = 0x1(Built-in Cam USM Reset) signal | J4: ▪ BLTN_CAM_RecSet_OWP = 0x2(ON) : The default recording setting is ON when initializing after FRS setup. | O4: X | P4: X | Q4: O | R4: 주차녹화_지원
H5: 3 | I5: ▪ [Settings] - [Event Detection Sensitivity] - Check Recording While Parked | J5: ▪ BLTN_CAM_SenSet_PEV = 0x3(Lv.3) | O5: X | P5: X | Q5: O | R5: 주차녹화_지원
F6: Parking Continuous Recording Time Setting (~20Hr Specification) - Check Initial Value | H6: 4 | I6: ▪ [Record while parked] - [Record while parked] - Check default value | J6: ▪ BLTN_CAM_Set_PrkTime = 0xC(20Hr) | O6: O | P6: X | Q6: O | R6: 주차녹화_지원
F7: Confirmation of continuous parking recording operation | H7: 5 | I7: ▪ HU Mode Transition ▪ KEY OFF | J7: ▪ When transitioning to HU mode, BLTN_CAM_RecSta_OWD = 0x0 (OFF) ▪ When KEY OFF, BLTN_CAM_RecSta_OWP = 0x1 (Recording) : The difference between the actual recording start time (check recording file) and the signal ON must be within 2 seconds. | O7: O | P7: O | Q7: O | R7: 주차녹화_지원
H8: 6 | I8: ▪ Check front/rear camera indicator | J8: ▪ F/R-CAM_INDI = Blink - Blink Frequency: 0.5Hz(Duty : 50%) | O8: O | P8: X | Q8: X | R8: 주차녹화_지원
H9: 7 | I9: ▪ Check EVENT_SW_INDI | J9: ▪ EVENT_SW_INDI = ON | O9: O | P9: O | Q9: O | R9: 주차녹화_지원
A10: OWP_002 | B10: SyR-FR-002,SyR-IF-002,SyR-IF-040,SyR-FR-157,SyR-FR-114,SyR-NFR-058,SyR-FR-266,SyR-FR-265 | C10: ▪ Requirement-based test | D10: ▪ Requirements Analysis | E10: [Continuous Recording While Parked] Setting ON/OFF | F10: Check that the continuous parking recording setting is OFF. | G10: ▪ Built-in Cam: Booted successfully ▪ Front/Rear Camera: Recognized by the system ▪ SD Card: Original installed and ready to store data ▪ DCM/CCU/CW: Connected and recognized by the system ▪ Vehicle Power: KEY ON ▪ Vehicle Voltage: 12V | H10: 1 | I10: ▪ [Settings] - [Recording] - [Recording While Parked] - Turn off Continuous Recording | J10: ▪ BLTN_CAM_RecSet_OWP = 0x1(OFF) | O10: O | P10: O | Q10: O | R10: 주차녹화_지원
F11: Confirmation that continuous parking recording does not operate when recording settings are OFF | H11: 2 | I11: ▪ KEY OFF ▪ Check recording status signal | J11: ▪ BLTN_CAM_RecSta_OWP = 0x0(OFF) | O11: O | P11: O | Q11: O | R11: 주차녹화_지원
H12: 3 | I12: ▪ Check front/rear camera indicator | J12: ▪ F/R-CAM_INDI = OFF | O12: O | P12: X | Q12: X | R12: 주차녹화_지원
H13: 4 | I13: ▪ Check EVENT_SW_INDI | J13: ▪ EVENT_SW_INDI = OFF | O13: O | P13: O | Q13: O | R13: 주차녹화_지원
F14: Check BLTN_CAM_Prk_Oprable_Time | H14: 5 | I14: ▪ SOC Anomaly Status - SoC: No reception or Invalid (0x65~0xFE) or Error (0xFF) transmission ▪ [Settings] - [Recording] - [Recording While Parked] - Continuous Recording Setting ON ▪ KEY OFF | J14: ▪ BLTN_CAM_Prk_Oprable_Time = 0x00 | O14: X | P14: X | Q14: O | R14: 주차녹화_지원
F15: Confirm recording file creation (3 minutes) - Create 1 3-minute recording file | H15: 6 | I15: ▪ Built-in Cam Main Screen ▪ [Settings] - [Recording] - [Recording While Parked] - Continuous Recording Setting ON ▪ KEY OFF ▪ Wait 3 minutes, then KEY ON ▪ Return to Built-in Cam Main Screen and check the [Continuous Recording While Parked] storage box | J15: ▪ Verify that continuous recording files are saved while parked - Verify that a list containing 1 file (Front + Rear video, 3 min) is created ▪ There should be no issues with video distortion, black screens, noise, or color quality - The progress bar plays to the end during playback | O15: O | P15: X | Q15: X | R15: 주차녹화_지원
F16: [Conditions of Evil] ACC&IGN Quickly turn ON/OFF 20 times, then OFF | H16: 7 | I16: ▪ Quickly turn the key ON/OFF 20 times, then turn it OFF (Quickly press the actual vehicle engine start button) | J16: ▪ Start parking recording successfully ▪ Check if there are any unplayable recording files (check thumbnails as well) | O16: O | P16: X | Q16: O | R16: 주차녹화_지원
A17: OWP_003 | B17: SyR-FR-002,SyR-NFR-002,SyR-CON-036,SyR-FR-099,SyR-CON-037,SyR-FR-101,SyR-FR-102,SyR-FR-104,SyR-FR-105,SyR-FR-106,SyR-CON-039,SyR-NFR-058,SyR-FR-266,SyR-FR-265 | C17: ▪ Requirement-based test | D17: ▪ Requirements Analysis | E17: [Continuous Recording While Parked] : Full-time Recording | F17: Confirmation of recording file creation (20 hours) | G17: ▪ Built-in Cam: Booted successfully ▪ Front/Rear Camera: Recognized by the system ▪ SD Card: Original installed and ready to store data ▪ DCM/CCU/CW: Connected and recognized by the system ▪ Vehicle Power: KEY ON ▪ Vehicle Voltage: 12V | H17: 1 | I17: ▪ Turn off the key after setting continuous parking recording for 20 hours ▪ Continuous parking recording for 20 hours begins ▪ Turn the key on, enter the built-in cam screen, and check the continuous parking recording box | J17: ▪ Confirmation of continuous recording file saving while parked - Confirmation of creation of a list of 40 Front & Rear videos (30 minutes) | O17: X | P17: X | Q17: X | R17: 주차녹화_지원
F18: Check for interruptions in related actions during continuous recording | H18: 2 | I18: ▪ KEY OFF ▪ Maintain CAN Alive state by inputting NM signal ▪ Perform 20 hours of continuous parking recording ▪ Check BLTN_CAM_RecSta_OWP signal in CAN LOG after parking recording is complete | J18: ▪ The BLTN_CAM_RecSta_OWP signal will not be turned OFF at the time of individual file saving. | O18: X | P18: X | Q18: X | R18: 주차녹화_지원
F19: Confirmation of recording file creation (12 hours) | H19: 3 | I19: ▪ Turn off the key after setting continuous 12-hour recording for parking. ▪ Turn the key on, enter the built-in cam screen, and check the continuous parking storage box. | J19: ▪ Confirmation of continuous recording file saving while parked - Confirmation of creation of a list of 24 Front & Rear videos (30 minutes) | O19: X | P19: X | Q19: X | R19: 주차녹화_지원
F20: Confirmation of recording file creation (6 hours) | H20: 4 | I20: ▪ Turn off the key after setting continuous parking recording for 6 hours. ▪ Turn the key on, enter the built-in cam screen, and check the continuous parking recording box. | J20: ▪ Confirmation of continuous recording file saving while parked - Confirmation of creation of a list of 12 Front & Rear videos (30 minutes) | O20: X | P20: X | Q20: X | R20: 주차녹화_지원
F21: Confirmation of recording file creation (2 hours) | H21: 5 | I21: ▪ Turn off the key after setting continuous parking recording for 2 hours. ▪ Turn the key on, enter the built-in cam screen, and check the continuous parking recording box. | J21: ▪ Confirmation of continuous recording file saving while parked - Confirmation of creation of 4 lists for Front & Rear Video (30 min) | O21: X | P21: X | Q21: X | R21: 주차녹화_지원
F22: Separate group index when date changes during recording | H22: 6 | I22: ▪ Parking recording starts at 23:40 ▪ Check the parking recording video list after 3 recording files are created 1 hour later | J22: ▪ Created as 2 recording groups - 23:40:00 ~ 00:10:00 - 00:10:00 ~ 00:40:00 | O22: X | P22: X | Q22: X | R22: 주차녹화_지원
F23: Check recording file specifications | H23: 7 | I23: ▪ Check the generated recording file on the PC | J23: ▪ Video saving/playback frame rate: 2 FPS ▪ Resolution: 2980*1440 (QHD), No audio recording ▪ No video horizontal flip | O23: O | P23: X | Q23: X | R23: 주차녹화_지원
A24: OWP_004 | B24: SyR-FR-002,SyR-FR-009,SyR-FR-110 | C24: ▪ Requirement-based test | D24: ▪ Requirements Analysis | E24: [Continuous Recording While Parked] : Checking the Impact of Simultaneous Recording | F24: Verification of impact when recording other videos simultaneously during parking recording - Operation verification | G24: ▪ Built-in Cam: Booted successfully ▪ Front/Rear Camera: Recognized by the system ▪ SD Card: Original installed and ready to store data ▪ DCM/CCU/CW: Connected and recognized by the system ▪ Vehicle Power: KEY ON ▪ Vehicle Voltage: 12V | H24: 1 | I24: ▪ Parking Always On / Parking Event Setting ON ▪ Parking Recording Starts After Key Off ▪ Enable Switch Event ▪ Enable Impact Event ▪ 1-Minute Standby ▪ Built-in Cam Main Screen | J24: ▪ BLTN_CAM_RecSet_OWP = 0x2(ON) ▪ F/R-CAM_INDI No issues ▪ EVENT_SW_INDI No issues | O24: X | P24: X | Q24: O | R24: 주차녹화_지원
F25: Checking the impact of simultaneous recording of other videos during parking recording - Video verification | H25: 2 | I25: ▪ [Always check while parked] Check locker | J25: ▪ Confirmation of continuous recording file saving while parked - Confirmation of front & rear video (60 sec) list creation | O25: X | P25: X | Q25: X | R25: 주차녹화_지원
A26: OWP_005 | B26: SyR-FR-002,SyR-FR-256,SEQ003 | C26: ▪ Requirement-based test | D26: ▪ Requirements Analysis | E26: [Continuous Recording While Parked] : When camera video is not input | F26: Front camera removal, parking recording + manual/impact events | G26: ▪ Built-in Cam: Booted successfully ▪ Front/Rear Camera: Recognized by the system ▪ SD Card: Original installed and ready to save ▪ DCM/CCU/CW: Connected and recognized by the system ▪ Vehicle Power: KEY ON ▪ Vehicle Voltage: 12V ▪ Settings: Parking Recording / Parking Event Settings ON | H26: 1 | I26: ▪ Start parking recording after turning off the key ▪ Remove front camera after waiting 30 seconds ▪ Reinstall camera after waiting 20 seconds ▪ Mandate impact event manually ▪ Turn key on after waiting 30 seconds to check the generated recording file | J26: ▪ Recorded video file created (Black screen recorded if no video input) ▪ Camera restored to normal after installation | O26: X | P26: X | Q26: X | R26: 주차녹화_지원
F27: Rearview camera removal, parking recording + manual/impact events | H27: 2 | I27: ▪ Start parking recording after turning off the key ▪ Remove rear camera after waiting 30 seconds ▪ Reinstall camera after waiting 20 seconds ▪ Mandate impact event manually ▪ Turn key on after waiting 30 seconds to check the generated recording file | J27: ▪ Continuous recording, impact video file generated (black screen recording if no video input) ▪ Camera returns to normal after installation | O27: X | P27: X | Q27: X | R27: 주차녹화_지원
F28: Front/rear camera removal, constant parking + manual/impact events | H28: 3 | I28: ▪ Start parking recording after turning off the key ▪ Remove front and rear cameras after waiting 30 seconds ▪ Reinstall cameras after waiting 20 seconds ▪ Mandate impact event manually ▪ Wait 30 seconds, turn the key on to check the generated recording file | J28: ▪ Recorded video file created (Black screen recorded if no video input) ▪ Camera restored to normal after installation | O28: X | P28: X | Q28: X | R28: 주차녹화_지원
F29: When attaching/detaching the front camera during parking recording | H29: 4 | I29: ▪ Start parking recording after turning off the key ▪ Detach the front camera while parking recording is in progress ▪ Wait 30 seconds, then turn the key on to check the generated recording file | J29: ▪ Recorded video file created (Black screen recorded if no video input) ▪ Camera restored to normal after installation (Recorded video plays normally) ▪ No recording of impact events occurred ▪ CAN communication maintained normal | O29: X | P29: X | Q29: X | R29: 주차녹화_지원
F30: When attaching or detaching the rear camera during parking recording | H30: 5 | I30: ▪ Start parking recording after turning off the key ▪ Detach the rear camera while parking recording is in progress ▪ Wait 30 seconds, then turn the key on to check the generated recording file | J30: ▪ Recorded video file created (Black screen recorded if no video input) ▪ Camera restored to normal after installation (Recorded video plays normally) ▪ No recording of impact events occurred ▪ CAN communication maintained normal | O30: X | P30: X | Q30: X | R30: 주차녹화_지원
F31: When removing the camera during parking recording and reinstalling it after turning the KEY ON | H31: 6 | I31: ▪ Start parking recording after Key Off ▪ Network Sleep ▪ Remove front/rear cameras ▪ Turn Key On ▪ Enter built-in cam mode for real-time view ▪ Install front/rear cameras | J31: ▪ Camera restored to normal after installation (real-time screen) | O31: X | P31: X | Q31: X | R31: 주차녹화_지원
H32: 7 | I32: ▪ Built-in Cam Settings - Change Display Angle : Front/Rear -5 ~ +5 Value Setting | J32: ▪ Angle set from -5 to +5 depending on front/rear setting values | O32: X | P32: X | Q32: X | R32: 주차녹화_지원
F33: Check G-sensor operation after attaching/detaching the camera during parking recording | H33: 8 | I33: ▪ Turn app notifications ON ▪ Turn KEY OFF to start parking recording ▪ Wait 30 seconds, then remove front camera ▪ Wait 20 seconds, then reattach camera ▪ Enter impact event | J33: ▪ Recorded video file created (Black screen recording if no video input) ▪ Camera restored to normal within 2 seconds after installation (Recorded file driving data, capacity, playback time) ▪ Confirmed saving of impact event recording ▪ Confirmed operation of impact event notification : BLTN_CAM_PEV_Recorded = 0x2(Park Event Recorded) up to 5 times | O33: X | P33: X | Q33: X | R33: 주차녹화_지원
H34: 9 | I34: ▪ ↑ Verify that the above procedure is repeated 10 times | J34: ▪ Recorded video file created (Black screen recording if no video input) ▪ Camera restored to normal within 2 seconds after installation (Recorded file driving data, capacity, playback time) ▪ Confirmation of impact event recording saved | O34: X | P34: X | Q34: X | R34: 주차녹화_지원
A35: OWP_006 | B35: SyR-FR-253,SyR-FR-255 | C35: ▪ Requirement-based test ▪ Performance test | D35: ▪ Requirements Analysis ▪ Decision Table Testing | E35: [Power Fail Safety Operation] : Emergency Power (Super Cap) Performance (Parking) | F35: Continuous recording while parked | G35: ▪ Built-in Cam: Booted successfully ▪ Front/Rear Camera: Recognized by system ▪ SD Card: Original installed and ready to store ▪ DCM/CCU/CW: Connected and recognized by system ▪ Vehicle Power: KEY ON ▪ Vehicle Voltage: 12V ▪ Settings: Always Parking / Parking Event Setting ON | H35: 1 | I35: ▪ KEY OFF ▪ Continuous video recording while parked ▪ Disconnect main connector ▪ Wait 30 seconds, then turn KEY ON to check the generated recording file | J35: ▪ The file being recorded right before power is turned off is saved. ※ Based on settings, at least two files must be saved. - Save Priority: Always > Impact Detection Save (Event) > Manual Save | O35: X | P35: X | Q35: X | R35: 주차녹화_지원
F36: Recording event (impact) while parked | H36: 2 | I36: ▪ KEY OFF ▪ Record video of impact event while parked ▪ Disconnect main connector (immediately after impact event) ▪ Wait 30 seconds, then turn KEY ON to check the generated recording file | J36: ▪ The file being recorded right before power is turned off is saved. ※ Based on settings, at least two files must be saved. - Save Priority: Always > Impact Detection Save (Event) > Manual Save | O36: X | P36: X | Q36: X | R36: 주차녹화_지원
F37: Recording event (switch) while parked | H37: 3 | I37: ▪ KEY OFF ▪ Record video of the parked event switch ▪ Disconnect the main connector (immediately after the switch event occurs) ▪ Wait 30 seconds, then turn the KEY ON to check the generated recording file | J37: ▪ The file being recorded right before power is turned off is saved. ※ Based on settings, at least two files must be saved. - Save Priority: Always > Impact Detection Save (Event) > Manual Save | O37: X | P37: X | Q37: X | R37: 주차녹화_지원
F38: Simultaneous execution of parking, constant, impact, and manual events | H38: 4 | I38: ▪ KEY OFF ▪ Record Event Switch Video & Impact Video while Parked ▪ Disconnect Main Connector (Immediately after event) ▪ Wait 30 seconds, then turn KEY ON to check the generated recording file | J38: ▪ The file being recorded right before power is turned off is saved. ※ Based on settings, at least two files must be saved. - Save Priority: Always > Impact Detection Save (Event) > Manual Save | O38: O | P38: X | Q38: X | R38: 주차녹화_지원
F39: B+ OFF during continuous recording while parked | H39: 5 | I39: ▪ KEY OFF ▪ Continuous parking video recording, rear camera not recognized ▪ Disconnect main connector ▪ Wait 30 seconds, then turn KEY ON to check the generated recording file | J39: ▪ The file being recorded right before power is turned off is saved. ※ Based on settings, at least two files must be saved. - Save Priority: Always > Impact Detection Save (Event) > Manual Save | O39: X | P39: X | Q39: X | R39: 주차녹화_지원
A40: OWP_007 | B40: SyR-FR-005,SEQ002,SEQ004 | C40: ▪ Requirement-based test | D40: ▪ Requirements Analysis | E40: [Recording Event Impacts While Parked] : Check Initial Value | F40: Check initial value | G40: ▪ Built-in Cam: Booted successfully ▪ Front/Rear Camera: Recognized by the system ▪ SD Card: Original installed and ready to store data ▪ DCM/CCU/CW: Connected and recognized by the system ▪ Vehicle Power: KEY ON ▪ Vehicle Voltage: 12V | H40: 1 | I40: ▪ ICUPowerAutoCutMode = 0x0(Factory mode) ▪ ICUPowerAutoCutMode = 0x2(Customer mode) ▪ [CW Settings] - [General] - [Reset] - [Delete Guest Profile/System Reset] | J40: ▪ Check Initial Values - Always Parking OFF, Parking Event OFF, Event Notification ON | O40: X | P40: X | Q40: O | R40: 주차녹화_지원
H41: 2 | I41: ▪ Turn on Continuous Driving Recording ▪ [CW Settings] - [General] - [Reset] - [Delete Guest Profile / Reset System] | J41: ▪BLTN_CAM_RecSet_PEV = 0x2(ON) : The default recording setting is ON when initializing after FRS setup operation. | O41: X | P41: X | Q41: O | R41: 주차녹화_지원
F42: Confirm Parking Event (Impact) Recording Setting ON | H42: 3 | I42: ▪ [Settings] - [Recording] - [Recording While Parked] - Continuous Parking Recording, Event Notification Settings OFF, Event Recording Settings ON | J42: ▪ BLTN_CAM_RecSet_PEV = 0x2(On) | O42: O | P42: X | Q42: O | R42: 주차녹화_지원
F43: Check if the event did not occur | H43: 4 | I43: ▪ KEY OFF ▪ Check recording status signal | J43: ▪ BLTN_CAM_RecSta_PEV =0x0 (OFF) | O43: O | P43: X | Q43: O | R43: 주차녹화_지원
H44: 5 | I44: ▪ Check front/rear camera indicator | J44: ▪ F/R-CAM_INDI = Flash - Flash Cycle: 0.5Hz(Flash Duty: 50%) | O44: O | P44: X | Q44: X | R44: 주차녹화_지원
H45: 6 | I45: ▪ Check EVENT_SW_INDI | J45: ▪ EVENT_SW_INDI Do not blink | O45: O | P45: X | Q45: O | R45: 주차녹화_지원
F46: Confirmation of parking event recording operation | H46: 7 | I46: ▪ Shock Event Confirmed ▪ Check Recording Status Signal | J46: ▪ BLTN_CAM_RecSta_PEV = 0x1(Recording) ▪ BLTN_CAM_PEV_Recorded = 0x0(Default) ※ Specification: Does not operate when event notification function is OFF | O46: O | P46: X | Q46: O | R46: 주차녹화_지원
H47: 8 | I47: ▪ Check front/rear camera indicator | J47: ▪ F/R-CAM_INDI = Blink, (for 10 seconds) - Blink frequency: 1Hz(Duty: 50%) | O47: O | P47: X | Q47: X | R47: 주차녹화_지원
H48: 9 | I48: ▪ Check EVENT_SW_INDI | J48: ▪ EVENT_SW_INDI = Flash (for 10 seconds) - Flash Frequency: 1Hz(Duty: 50%) | O48: O | P48: X | Q48: O | R48: 주차녹화_지원
A49: OWP_026 | B49: SyR-FR-005,SyR-IF-004,SyR-IF-040,SyR-FR-157,SEQ002, | C49: ▪ Requirement-based test | D49: ▪ Requirements Analysis ▪ Scenario-based Testing | E49: [Recording Event Impacts While Parked] : Setting ON/OFF | F49: Consecutive parking event authorization | G49: ▪ Built-in Cam: Booted successfully ▪ Front/Rear Camera: Recognized by the system ▪ SD Card: Original installed and ready to store data ▪ DCM/CCU/CW: Connected and recognized by the system ▪ Vehicle Power: KEY ON ▪ Vehicle Voltage: 12V | H49: 1 | I49: ▪ [Settings] - [Recording] - [Recording While Parked] - Turn on Parking Event, Always Parking ▪ Turn off the key ▪ Impact Event: 10 or more impacts at 2-second intervals within 1 minute ▪ Turn the key on to check the recording file | J49: ▪ No slowdowns or reboots ▪ Verify shock count operation ▪ No missing recording files | O49: O | P49: X | Q49: O | R49: 주차녹화_지원
F50: Continuous authorization for parking events (Event notification function ON) | H50: 2 | I50: ▪ [Settings] - [Recording] - [Recording While Parked] - Turn off Parking Continuous Recording, Turn on Event Notification ▪ Turn off the key ▪ Impact event: Detect impact at 2-second intervals for 1 minute ▪ Turn the key on after Network sleep to check the recording file | J50: ▪ No slowdowns or reboots ▪ Normal network sleep must occur after notification completion (dark current less than 2mA) ▪ No missing recording files | O50: O | P50: X | Q50: O | R50: 주차녹화_지원
F51: Confirmation of recording file creation - 3 files of 20 seconds created - Confirmation of recording file event time -10s ~ +10s | H51: 3 | I51: ▪ KEY OFF ▪ Impact events set to 3 times at 11-second intervals ▪ Check the number of impact events while parked after turning KEY ON ▪ Built-in Cam Main Screen ▪ Check [Parking Events] inbox | J51: ▪ [BLTN_CAM_HU_PE] BLTN_CAM_PEV_Count = 0x3 ▪ Verify that the recording file for the parked event (impact) is saved - Verify that a list of 3 files (Front & Rear, 20 sec) is created ▪ There should be no issues with video distortion, black screens, noise, or color quality | O51: O | P51: X | Q51: X | R51: 주차녹화_지원
F52: Check recording file specifications | H52: 4 | I52: ▪ Check the generated recording file on the PC | J52: ▪ Video saving/playback frame rate 10 FPS ▪ Resolution 2980*1440 (QHD), Audio recording ▪ No horizontal video inversion | O52: O | P52: X | Q52: X | R52: 주차녹화_지원
F53: Check count update when Key Off | H53: 5 | I53: ▪ Check update of impact event count while parked after Key Off | J53: ▪ Check [BLTN_CAM_HU_PE] BLTN_CAM_PEV_Count = 0x0 | O53: X | P53: X | Q53: O | R53: 주차녹화_지원
F54: Confirmation that event recording does not work when recording settings are OFF | H54: 6 | I54: ▪ Built-in Cam Main Screen ▪ [Settings] - [Recording] - [Recording While Parked] - Event Recording OFF, Always Parking ON | J54: ▪ BLTN_CAM_RecSet_PEV = 0x1(OFF) | O54: X | P54: X | Q54: O | R54: 주차녹화_지원
H55: 7 | I55: ▪ KEY OFF ▪ Impact Event Authorization ▪ Check Recording Status Signal | J55: ▪ BLTN_CAM_Rec_PEV = 0x0(OFF) | O55: X | P55: X | Q55: O | R55: 주차녹화_지원
H56: 8 | I56: ▪ Check front/rear camera indicator | J56: ▪ F/R CAM_INDI = Flash, (for 10 seconds) - Flash Cycle: 0.5Hz(Duty : 50%) | O56: X | P56: X | Q56: X | R56: 주차녹화_지원
H57: 9 | I57: ▪ Check EVENT_SW_INDI | J57: ▪ EVENT_SW_INDI Do not blink | O57: X | P57: X | Q57: O | R57: 주차녹화_지원
A58: OWP_008 | B58: SyR-FR-005 | C58: ▪ Requirement-based test | D58: ▪ Requirements Analysis | E58: [Recording Event Impact While Parked] : Check Occurrence Timing | F58: Display location of event impact (Red progress bar indicator for continuous recording files) Verify consistency | G58: ▪ Built-in Cam: Booted successfully ▪ Front/Rear Camera: Recognized by the system ▪ SD Card: Original installed and ready to store data ▪ DCM/CCU/CW: Connected and recognized by the system ▪ Vehicle Power: KEY ON ▪ Vehicle Voltage: 12V | H58: 1 | I58: ▪ Parking Continuous Recording, Parking Event Setting ON ▪ KEY OFF ▪ Enable Impact Event During Continuous Parking Recording ▪ Check Recorded Video File After KEY ON | J58: ▪ Check for a red mark at the time of impact event in the main recording file : Verify timing alignment (within approximately 500ms) ▪ Check for a red mark at the time of impact event in the main recording file : Verify timing alignment (within approximately 500ms) | O58: X | P58: X | Q58: X | R58: 주차녹화_지원
F59: Display Event Impact Location (Event Recording File) - Parking Always + Parking Event / Remove B+ Before Completion | H59: 2 | I59: ▪ KEY OFF ▪ Apply impact while vehicle network is ALIVE ▪ Disconnect B+ after 5 seconds ▪ Turn KEY ON and check the recorded video file | J59: ▪ Check for a red mark at the time of impact event in the main recording file : Verify timing alignment (within approximately 500ms) ▪ Check for a red mark at the time of impact event in the main recording file : Verify timing alignment (within approximately 500ms) | O59: X | P59: X | Q59: X | R59: 주차녹화_지원
H60: 3 | I60: ▪ KEY OFF ▪ Apply impact while vehicle network is in SLEEP state ▪ Disconnect auxiliary battery after 5 seconds ▪ Turn KEY ON and check the recorded video file | J60: ▪ Check for a red mark at the time of impact event in the main recording file : Verify timing alignment (within approximately 500ms) ▪ Check for a red mark at the time of impact event in the main recording file : Verify timing alignment (within approximately 500ms) | O60: X | P60: X | Q60: X | R60: 주차녹화_지원
F61: Display Event Impact Location (Event Recording File) - Parking Motion + Parking Event / Remove B+ Before Completion | H61: 4 | I61: ▪ Parking Motion, Parking Event Settings ON ▪ KEY OFF ▪ Apply impact while Vehicle Network is ALIVE ▪ Disconnect B+ after 5 seconds ▪ Check recorded video file after turning KEY ON | J61: ▪ Check for a red mark at the time of impact event in the parking motion recording file : Verify timing alignment (within approximately 500ms) ▪ Check for a red mark at the time of impact event in the parking event recording file : Verify timing alignment (within approximately 500ms) | O61: X | P61: X | Q61: X | R61: 주차녹화_지원
H62: 5 | I62: ▪ KEY OFF ▪ Apply impact while vehicle network is in SLEEP state ▪ Disconnect auxiliary battery after 5 seconds ▪ Turn KEY ON and check the recorded video file | J62: ▪ Check for a red mark at the time of impact event in the parking motion recording file : Verify timing alignment (within approximately 500ms) ▪ Check for a red mark at the time of impact event in the parking event recording file : Verify timing alignment (within approximately 500ms) | O62: X | P62: X | Q62: X | R62: 주차녹화_지원
A63: OWP_027 | B63: SyR-FR-005 | C63: ▪ Requirement-based test | D63: ▪ Requirements Analysis | E63: [Recording Event Impact While Parked] : KEY RESET Repeat Condition | F63: Parking Recording Event Setting On Rapid ACC & IGN ON/OFF operation while Parking Recording Sleep | G63: ▪ Built-in Cam: Booted successfully ▪ Front/Rear Camera: Recognized by the system ▪ SD Card: Original installed and ready to store data ▪ DCM/CCU/CW: Connected and recognized by the system ▪ Vehicle Power: KEY ON ▪ Vehicle Voltage: 12V | H63: 1 | I63: ▪ Parking Event Setting ON ▪ KEY OFF ▪ Parking recording using auxiliary battery (Sleep state) ▪ Immediately after Key On, then Key Off ▪ Confirm update of impact event count while parked | J63: ▪ Parking Recording Entered Normally ▪ [BLTN_CAM_HU_PE] BLTN_CAM_PEV_Count = 0x0 Confirmed | O63: X | P63: X | Q63: O | R63: 주차녹화_지원
H64: 2 | I64: ▪ Apply impact immediately when parking mode is activated | J64: ▪ Shock recording normal operation | O64: X | P64: X | Q64: O | R64: 주차녹화_지원
F65: [Evil Conditions] Parking Recording Event Setting On Repeat ACC&IGN quickly ON/OFF 20 times, then OFF | H65: 3 | I65: ▪ Quickly turn the key ON/OFF 20 times, then turn it OFF ▪ Confirm update of impact event count while parked | J65: ▪ Parking Recording Entered Normally ▪ [BLTN_CAM_HU_PE] BLTN_CAM_PEV_Count = 0x0 Confirmed | O65: X | P65: X | Q65: O | R65: 주차녹화_지원
H66: 4 | I66: ▪ Apply impact immediately when Parking Mode is activated ▪ Turn KEY ON to check recording files | J66: ▪ Check impact recording function ▪ Check that no unplayable recording files are created (also check thumbnails) | O66: X | P66: X | Q66: O | R66: 주차녹화_지원
F67: [Evil Conditions] Parking Recording Setting Off Repeat ACC&IGN quickly ON/OFF 20 times, then OFF | H67: 5 | I67: ▪ Parking Event Setting Off ▪ Quickly turn KEY ON/OFF 20 times, then OFF ▪ Impact Input | J67: ▪ Shock recording does not operate ▪ Must satisfy dark current specifications | O67: X | P67: X | Q67: O | R67: 주차녹화_지원
A68: OWP_009 | B68: SyR-FR-005,SyR-NFR-006 | C68: ▪ Requirement-based test | D68: ▪ Requirements Analysis | E68: [Recording Event Impacts While Parked] : Check Event Save Time | F68: Check recording file event time -10s to +10s | G68: ▪ Built-in Cam: Boot complete ▪ Front/Rear Camera: System recognized normally ▪ SD Card: Original installed and ready to store ▪ DCM/CCU/CW: System connected and recognized normally ▪ Vehicle Power: KEY ON ▪ Vehicle Voltage: 12V ▪ Settings: Parking Event Setting ON | H68: 1 | I68: ▪ Set recording file duration to -10s ~ +10s ▪ KEY OFF ▪ Apply impact to start event recording ▪ Turn KEY ON after recording is complete ▪ Play the recording file to check playback duration and the time of the event | J68: ▪ Playback length: 20s, Event occurrence time: 10s point | O68: O | P68: X | Q68: X | R68: 주차녹화_지원
F69: Check recording file event time -15s ~ +10s | H69: 2 | I69: ▪ Set recording file duration to -15s ~ +10s ▪ KEY OFF ▪ Apply impact to start event recording ▪ Turn KEY ON after recording is complete ▪ Play the recording file to check playback duration and the time of the event | J69: ▪ Playback length: 25s, Event occurrence time: 15s point | O69: X | P69: X | Q69: X | R69: 주차녹화_지원
F70: Check recording file event time -20s ~ +10s | H70: 3 | I70: ▪ Set recording file duration to -20s ~ +10s ▪ KEY OFF ▪ Apply impact to start event recording ▪ Turn KEY ON after recording is complete ▪ Play the recording file to check playback duration and the time of the event | J70: ▪ Playback length: 30s, Event occurrence time: 20s point | O70: X | P70: X | Q70: X | R70: 주차녹화_지원
F71: Check recording file event occurrence time -10s ~ +15s | H71: 4 | I71: ▪ Set recording file duration to -10s ~ +15s ▪ KEY OFF ▪ Apply impact to start event recording ▪ Turn KEY ON after recording is complete ▪ Play the recording file to check playback duration and the time of the event | J71: ▪ Playback length: 25s, Event occurrence time: 10s point | O71: X | P71: X | Q71: X | R71: 주차녹화_지원
F72: Check recording file event time -15s ~ +15s | H72: 5 | I72: ▪ Set recording file duration to -15s ~ +15s ▪ KEY OFF ▪ Apply impact to start event recording ▪ Turn KEY ON after recording is complete ▪ Play the recording file to check playback duration and the time of the event | J72: ▪ Playback length: 30s, Event occurrence time: 15s point | O72: X | P72: X | Q72: X | R72: 주차녹화_지원
F73: Check recording file event time -20s ~ +15s | H73: 6 | I73: ▪ Set recording file duration to -20s ~ +15s ▪ KEY OFF ▪ Apply impact to start event recording ▪ Turn KEY ON after recording is complete ▪ Play the recording file to check playback duration and the time of the event | J73: ▪ Playback length: 35s, Event occurrence time: 20s point | O73: X | P73: X | Q73: X | R73: 주차녹화_지원
F74: Check recording file event time -10s ~ +20s | H74: 7 | I74: ▪ Set recording file duration to -10s ~ +20s ▪ KEY OFF ▪ Apply impact to start event recording ▪ Turn KEY ON after recording is complete ▪ Play the recording file to check playback duration and the time of the event | J74: ▪ Playback length: 30s, Event occurrence time: 10s point | O74: X | P74: X | Q74: X | R74: 주차녹화_지원
F75: Check recording file event time -15s ~ +20s | H75: 8 | I75: ▪ Set recording file duration to -15s ~ +20s ▪ KEY OFF ▪ Apply impact to start event recording ▪ Turn KEY ON after recording is complete ▪ Play the recording file to check playback duration and the time of the event | J75: ▪ Playback length: 35s, Event occurrence time: 15s point | O75: X | P75: X | Q75: X | R75: 주차녹화_지원
F76: Check recording file event time -20s ~ +20s | H76: 9 | I76: ▪ Set recording file duration to -20s ~ +20s ▪ KEY OFF ▪ Apply impact to start event recording ▪ Turn KEY ON after recording is complete ▪ Play the recording file to check playback duration and the time of the event | J76: ▪ Playback length: 40s, Event occurrence time: 20s point | O76: O | P76: X | Q76: X | R76: 주차녹화_지원
A77: OWP_010 | B77: SyR-FR-006 | C77: ▪ Requirement-based test | D77: ▪ Requirements Analysis | E77: [Check Shock Event Recording Time Settings] Sensitivity | F77: Recording File Event Sensitivity Setting Lv1 | G77: ▪ Built-in Cam: Boot complete ▪ Front/Rear Camera: System recognized normally ▪ SD Card: Original installed and ready to store ▪ DCM/CCU/CW: System connected and recognized normally ▪ Vehicle Power: KEY ON ▪ Vehicle Voltage: 12V ▪ Settings: Parking Event Setting ON | H77: 1 | I77: ▪ Parking Event Sensitivity Setting in Built-in Cam Settings BLTN_CAM_Sen_PEV_NvalueSet = 0x1 | J77: ▪ BLTN_CAM_SenSet_PEV = 0x1 | O77: X | P77: X | Q77: O | R77: 주차녹화_지원
H78: 2 | I78: ▪ KEY OFF, impact event during parking recording | J78: ▪ Front/Rear Camera and Switch Indicator Flash for 10 seconds ▪ BLTN_CAM_RecSta_PEV = 0x1 (Recording) Hold for 10 seconds then 0x0 (OFF) | O78: X | P78: X | Q78: O | R78: 주차녹화_지원
F79: Recording File Event Sensitivity Setting Lv2 | H79: 3 | I79: ▪ Parking Event Sensitivity Setting in Built-in Cam Settings BLTN_CAM_Sen_PEV_NvalueSet = 0x2 | J79: ▪ BLTN_CAM_SenSet_PEV = 0x2 | O79: X | P79: X | Q79: O | R79: 주차녹화_지원
H80: 4 | I80: ▪ KEY OFF, impact event during parking recording | J80: ▪ Front/Rear Camera and Switch Indicator Flash for 10 seconds ▪ BLTN_CAM_RecSta_PEV = 0x1 (Recording) Hold for 10 seconds then 0x0 (OFF) | O80: X | P80: X | Q80: O | R80: 주차녹화_지원
F81: Recording File Event Sensitivity Setting Lv3 | H81: 5 | I81: ▪ Parking Event Sensitivity Setting in Built-in Cam Settings BLTN_CAM_Sen_PEV_NvalueSet = 0x3 | J81: ▪ BLTN_CAM_SenSet_PEV = 0x3 | O81: X | P81: X | Q81: O | R81: 주차녹화_지원
H82: 6 | I82: ▪ KEY OFF, impact event during parking recording | J82: ▪ Front/Rear Camera and Switch Indicator Flash for 10 seconds ▪ BLTN_CAM_RecSta_PEV = 0x1 (Recording) Hold for 10 seconds then 0x0 (OFF) | O82: X | P82: X | Q82: O | R82: 주차녹화_지원
F83: Recording File Event Sensitivity Setting Lv4 | H83: 7 | I83: ▪ Parking Event Sensitivity Setting in Built-in Cam Settings BLTN_CAM_Sen_PEV_NvalueSet = 0x4 | J83: ▪ BLTN_CAM_SenSet_PEV = 0x4 | O83: X | P83: X | Q83: O | R83: 주차녹화_지원
H84: 8 | I84: ▪ KEY OFF, impact event during parking recording | J84: ▪ Front/Rear Camera and Switch Indicator Flash for 10 seconds ▪ BLTN_CAM_RecSta_PEV = 0x1 (Recording) Hold for 10 seconds then 0x0 (OFF) | O84: X | P84: X | Q84: O | R84: 주차녹화_지원
F85: Recording File Event Sensitivity Setting Lv5 | H85: 9 | I85: ▪ Parking Event Sensitivity Setting in Built-in Cam Settings BLTN_CAM_Sen_PEV_NvalueSet = 0x5 | J85: ▪ BLTN_CAM_SenSet_PEV = 0x5 | O85: X | P85: X | Q85: O | R85: 주차녹화_지원
H86: 10 | I86: ▪ KEY OFF, impact event during parking recording | J86: ▪ Front/Rear Camera and Switch Indicator Flash for 10 seconds ▪ BLTN_CAM_RecSta_PEV = 0x1 (Recording) Hold for 10 seconds then 0x0 (OFF) | O86: X | P86: X | Q86: O | R86: 주차녹화_지원
A87: OWP_011 | B87: SyR-IF-005,SyR-NFR-005,SyR-FR-200,SyR-IF-051,SEQ008 | C87: ▪ Requirement-based test | D87: ▪ Requirements Analysis | E87: [Recording Event Impacts While Parked] : Burgler Alarm Event Recording - Parking Continuous Recording Mode (Motion Settings OFF) | F87: ▪ Burgler Alarm Signal Timeout → 0x0 (Off) Do not record event | G87: ▪ Built-in Cam: Booted successfully ▪ Front/Rear Camera: Recognized by system correctly ▪ SD Card: Original installed and ready to store ▪ DCM/CCU/CW: Connected and recognized by system correctly ▪ Vehicle Power: KEY ON ▪ Vehicle Voltage: 12V ▪ Settings: Always-on Parking Setting ON | H87: 1 | I87: ▪ Switch to Built-in Camera View ▪ [Settings] - [Recording] - [Recording While Parked] - Turn on Parking Impact Recording (Always Parking OFF, Parking Motion OFF) ▪ Turn on Impact Event Notification | J87: ▪ BLTN_CAM_Set_PEV_AppNoti = 0x2(ON) | O87: X | P87: X | Q87: O | R87: 주차충격 알림_지원
H88: 2 | I88: ▪ ACC & IGN OFF ▪ Received Burgler Alarm Signal 0x0 ▪ Check Recording Status Signal | J88: ▪ BLTN_CAM_PEV_Recorded = 0x0(Default) ▪ BLTN_CAM_RecSta_PEV = 0x0(OFF) | O88: X | P88: X | Q88: O | R88: 주차충격 알림_지원
H89: 3 | I89: ▪ Check front/rear camera indicator | J89: ▪ F/R CAM_INDI = Flash - Flash Cycle: 0.5Hz(Duty : 50%) | O89: X | P89: X | Q89: X | R89: 주차충격 알림_지원
H90: 4 | I90: ▪ Check Event Switch Indicator | J90: ▪ EVENT_INDI = OFF | O90: X | P90: X | Q90: O | R90: 주차충격 알림_지원
F91: ▪ Burgler Alarm Signal 0x0 (Off) → 0x9 (Alarm) Event Recording - Check recording status based on Rising Edge | H91: 5 | I91: ▪ Burgler Alarm Signal 0x0 → 0x9 (Rising Edge) ▪ Check Recording Status Signal | J91: ▪ BLTN_CAM_RecSta_PEV = 0x1 (Recording), verify recording at the Rising Edge ▪ BLTN_CAM_PEV_Recorded = 0x1 (OFF) → 0x2 (Park Event Recorded) → 0x1 : Maintains for 5 minutes from the time recording is complete, then returns to 0x1 (CCS transmission failure timeout = 5 minutes; in an activated vehicle environment, it remains ON for the duration of the CCS transmission) ▪ BLTN_CAM_Set_PMD = 0x0 (OFF) maintained | O91: X | P91: X | Q91: O | R91: 주차충격 알림_지원
H92: 6 | I92: ▪ Check BLTN_CAM_Prk_Oprable_Time | J92: ▪BLTN_CAM_Prk_Oprable_Time = BLTN_CAM_Set_PrkTime - BLTN_CAM_PRK_Oped_Time | O92: X | P92: X | Q92: O | R92: 주차충격 알림_지원
H93: 7 | I93: ▪ Check front/rear camera indicator | J93: ▪ F/R CAM_INDI = Flash, (for 10 seconds) - Flash Cycle: 1Hz(Duty : 50%) | O93: X | P93: X | Q93: X | R93: 주차충격 알림_지원
H94: 8 | I94: ▪ Check Event Switch Indicator | J94: ▪ EVENT_INDI = Flash (for 10 seconds) - Flash Cycle: 1Hz(Duty : 50%) | O94: X | P94: X | Q94: O | R94: 주차충격 알림_지원
F95: ▪ Confirmation of Burgler Alarm Impact Event Recording File Creation - 1 20-second file - Confirmation of recording file event time -10s ~ +10s | H95: 9 | I95: ▪ Built-in Camera Screen Transition ▪ [Parking Event] Check Archive | J95: ▪ Confirmation of saved recording file for parked event (impact) - Confirmation of creation of 1 list of front & rear video (20 sec) | O95: X | P95: X | Q95: X | R95: 주차충격 알림_지원
H96: 10 | I96: ▪ Play the recording file (20 sec) to check the time of the event. | J96: ▪ Check if the event occurs at the 10-second mark during video playback | O96: X | P96: X | Q96: X | R96: 주차충격 알림_지원
F97: ▪ Burgler Alarm Signal 0x9 (Alarm) → 0x0 (Off) Do not record events | H97: 11 | I97: ▪ Received Burgler alarm signal 0x9 → 0x0 ▪ Check recording status signal | J97: ▪ BLTN_CAM_RecSta_PEV = 0x0(OFF) | O97: X | P97: X | Q97: O | R97: 주차충격 알림_지원
H98: 12 | I98: ▪ Check front/rear camera indicator | J98: ▪ F/R CAM_INDI = Flash - Flash Cycle: 0.5Hz(Duty : 50%) | O98: X | P98: X | Q98: X | R98: 주차충격 알림_지원
H99: 13 | I99: ▪ Check Event Switch Indicator | J99: ▪ EVENT_INDI = OFF | O99: X | P99: X | Q99: O | R99: 주차충격 알림_지원
A100: OWP_028 | B100: SyR-IF-005,SyR-NFR-005,SyR-FR-018,SyR-FR-200,SEQ008 | C100: ▪ Requirement-based test | D100: ▪ Requirements Analysis | E100: [Recording Event Impacts While Parked] : Burgler Alarm Event Recording - Parking Motion Recording Mode (Motion Setting ON) | F100: ▪ Burgler Alarm Signal Timeout → 0x0 (Off) Do not record event | G100: ▪ Built-in Cam: Booted successfully ▪ Front/Rear Camera: Recognized by system successfully ▪ SD Card: Original installed and ready to store ▪ DCM/CCU/CW: Connected and recognized by system successfully ▪ Vehicle Power: KEY ON ▪ Vehicle Voltage: 12V ▪ Settings: Parking Motion Setting ON | H100: 14 | I100: ▪ Switch to Built-in Camera View ▪ [Settings] - [Recording] - [Recording While Parked] - Turn ON Driving Continuous Recording, Driving Impact, Parking Impact, and Parking Motion Recording (Continuous Recording OFF) ▪ Turn ON Impact Event Notification | J100: ▪ BLTN_CAM_Set_PMD = 0X2(ON) ▪ BLTN_CAM_Set_PEV_AppNoti = 0x2(ON) | O100: X | P100: X | Q100: O | R100: 모션감지_지원
...

Sheet HU 연동기능
A1: {="HU_"&TEXT(MAX(IFERROR(--MID($A$2:$A$4842,5,3),0)),"000")} -> HU_050 | E1: English Translation | F1: English Translation | G1: English Translation | I1: English Translation | J1: English Translation
A2: ID | B2: SyR ID | C2: Test method | D2: TC design method | E2: Name | F2: Description | G2: Preconfition | H2: Step | I2: Test Procedure | J2: Expected Result | K2: Result | L2: Measure Value | M2: Remarks | O2: Manual (Basic) | P2: Automation (Basic) | Q2: Automation Applied | R2: Specification Category
A3: HU_001 | B3: SyR-IF-031,SyR-FR-088,SyR-FR-089,SEQ001 | C3: ▪Requirement-based test ▪Test of interaction/ communication | D3: ▪Requirements Analysis ▪Interface Analysis ▪State Transition Testing | E3: [Built-in Cam Screen Mode] (1) | F3: Built-in Cam Mode Video Output Confirmation | G3: ▪ Built-in Cam: Booted successfully ▪ Front/Rear Camera: Recognized by the system ▪ SD Card: Original installed and ready to save ▪ DCM/CCU/CW: Connected and recognized by the system ▪ Vehicle Power: KEY ON ▪ Vehicle Voltage: 12V ▪ Recording Settings: Driving Continuous/Event, Parking Continuous/Event Settings ON | H3: 1 | I3: ▪ AVN Mode Status ▪ Touch Built-in Cam Menu Icon (BLTN_CAM_LVDS_Mode_Cmd = 0x0:Front and Rear Camera) ▪ Touch Real-time Screen ▪ Go Back ▪ Confirm Repeat 10 times | J3: ▪ BLTN_CAM_LVDS_Mode_State = 0x0: Front and Rear Camera : LVDS video output switching time within 2 seconds (Approximately +1 second can be expected as the CW generates the GUI) ▪ Confirmed normal output of video list thumbnails | O3: O | P3: X | Q3: X
F4: Check BLTN_CAM mode entry signal | H4: 2 | I4: ▪ Touch the Built-In Cam screen entry button (HU_BLTN_CAM_UI_Mode = 0x1 : Built-In Cam Mode) | J4: ▪ BLTN_CAM_HU_UI_Mode (0x0: HU UI mode) → invalid → (0x2: Preparing BLTN_CAM Mode) → invalid → (0x1:BLTN_CAM mode) | O4: O | P4: X | Q4: O
F5: Transition to AVN mode by turning the KEY OFF while in BLTN_CAM mode | H5: 3 | I5: ▪ Turn KEY OFF while in Built-in Cam mode -'BLTN_CAM_UI_Mode_Tmt_Req signal not transmitted confirmed | J5: ▪ BLTN_CAM_HU_UI_Mode (0x1:BLTN_CAM mode) → invalid → (0x0: HU UI mode) → invalid → (0x0: HU UI mode) | O5: O | P5: X | Q5: O
F6: AVN mode transition via AVN mode signal | H6: 4 | I6: ▪ KEY ON ▪ Touch the built-in cam screen entry button ▪ Touch the Home/Back/CW physical buttons (HU_BLTN_CAM_UI_Mode = 0x0 : HU UI Mode) | J6: ▪ BLTN_CAM_HU_UI_Mode (0x1:BLTN_CAM mode) → invalid → (0x0: HU UI mode) | O6: O | P6: X | Q6: O
F7: AVN mode ↔ BLTN_CAM mode | H7: 5 | I7: ▪ Touch the built-in cam screen entry button ▪ Touch the Home button (repeat quickly 10 times) | J7: ▪ If in AVN mode after repeatedly entering and exiting Built-in Cam mode: Driving recording starts normally (without delay) ▪ If in Built-in Cam mode: Driving recording is OFF, and recorded video will play back normally | O7: O | P7: X | Q7: X
F8: Exiting BLTN_CAM mode midway | H8: 6 | I8: ▪ Touch the built-in cam screen entry button ▪ Touch the CW Home button on the screen transition loading screen (confirm by repeating 10 times) | J8: ▪ Start driving recording immediately when the repetitive action stops | O8: X | P8: X | Q8: O
F9: Attempting to quickly enter built-in cam mode during boot-up | H9: 7 | I9: ▪ ACC & IGN ON ▪ Quickly and continuously tap the Built-in Cam mode entry icon | J9: ▪ Enter Built-in Cam mode after booting is complete (enter within 2 seconds of booting complete) ▪ Driving recording will begin when the Back button is touched (1 second after exiting Built-in Cam mode) | O9: X | P9: X | Q9: O
F10: Condition preventing entry into Built-in Cam mode: During booting | H10: 8 | I10: ▪ Built-in Cam B+ Reset | J10: ▪ Outputs 0xD until Built-in Cam boot is complete, 0x0 after completion ▪ BLTN_CAM_HU_UI_Mode invalid → (0xD : Built-in CAM not Ready to be HU UI Mode) → invalid → (0x0: HU UI mode) | O10: X | P10: X | Q10: X
H11: 9 | I11: ▪ Enter Built-in Cam mode after Built-in Cam has finished booting | J11: ▪ BLTN_CAM_HU_UI_Mode (0x0: HU UI mode) → invalid → (0x2: Preparing BLTN_CAM Mode) → invalid → (0x1:BLTN_CAM mode) | O11: X | P11: X | Q11: X
F12: Conditions under which Built-in Cam Mode cannot be entered (Parking Recording) : Sleep → KEY ON | H12: 10 | I12: ▪ KEY ON ▪ Parking Recording in Progress (Network Sleep State) ▪ Inject NM signal to wake up the network | J12: ▪ BLTN_CAM_HU_UI_Mode = 0xD: Built-in CAM not Ready to be HU UI Mode | O12: X | P12: X | Q12: O
H13: 11 | I13: ▪ KEY ON | J13: ▪ Outputs 0xD until Built-in Cam boot complete, 0x0 after completion ▪ BLTN_CAM_HU_UI_Mode (0xD: Built-in CAM not Ready to be HU UI Mode) → invalid → (0x0: HU UI mode) | O13: X | P13: X | Q13: O
H14: 12 | I14: ▪ Enter Built-in Cam Mode ▪ Turn on Parking Motion Recording Settings | J14: ▪ BLTN_CAM_HU_UI_Mode (0x0: HU UI mode) → invalid → (0x2: Preparing BLTN_CAM Mode) → invalid → (0x1:BLTN_CAM mode) | O14: X | P14: X | Q14: O
F15: Conditions under which Built-in Cam mode cannot be entered (Parking Motion Recording) : Sleep → KEY ON | H15: 13 | I15: ▪ KEY OFF ▪ Parking motion recording in progress (Network Sleep state) ▪ Network wake up by injecting NM signal | J15: ▪ BLTN_CAM_HU_UI_Mode = 0xD: Built-in CAM not Ready to be HU UI Mode | O15: X | P15: X | Q15: O
H16: 14 | I16: ▪ KEY ON | J16: ▪ Outputs 0xD until Built-in Cam boot complete, 0x0 after completion ▪ BLTN_CAM_HU_UI_Mode (0xD: Built-in CAM not Ready to be HU UI Mode) → invalid → (0x0: HU UI mode) | O16: X | P16: X | Q16: O
H17: 15 | I17: ▪ Enter Built-in Cam Mode | J17: ▪ BLTN_CAM_HU_UI_Mode (0x0: HU UI mode) → invalid → (0x2: Preparing BLTN_CAM Mode) → invalid → (0x1:BLTN_CAM mode) | O17: X | P17: X | Q17: O
F18: Confirm text output when entering Built-in Cam mode | H18: 16 | I18: ▪ Enter Built-in Cam Mode | J18: ▪ Print legal notice text | O18: X | P18: X | Q18: X
A19: HU_002 | B19: SyR-IF-031,SyR-FR-089 | C19: ▪Requirement-based test | D19: ▪Requirements Analysis | E19: [Built-in Cam Screen Mode] (2) Undefined value | F19: HS-CAN: [HU_BLTN_CAM_PE_00_200ms] - HU_UI_Mode = Reserved B2-FD: [BLTN_CAM_FD_HU_01_200ms] - HU_UI_Mode = Reserved | G19: ▪ Built-in Cam: Booted successfully ▪ Front/Rear Camera: Recognized by the system ▪ SD Card: Original installed and ready to save ▪ DCM/CCU/CW: Connected and recognized by the system ▪ Vehicle Power: KEY ON ▪ Vehicle Voltage: 12V ▪ Recording Settings: Driving Continuous/Event, Parking Continuous/Event Settings ON | H19: 1 | I19: ▪ [HU_BLTN_CAM_PE_00_200ms] - HU_BLTN_CAM_UI_Mode = 0x3 (Reserved) | J19: ▪ BLTN_CAM_HU_UI_Mode maintains previous state | O19: X | P19: X | Q19: O
H20: 2 | I20: ▪ [HU_BLTN_CAM_PE_00_200ms] - HU_BLTN_CAM_UI_Mode = 0x4 (Reserved) | J20: ▪ BLTN_CAM_HU_UI_Mode maintains previous state | O20: X | P20: X | Q20: O
H21: 3 | I21: ▪ [HU_BLTN_CAM_PE_00_200ms] - HU_BLTN_CAM_UI_Mode = 0x5 (Reserved) | J21: ▪ BLTN_CAM_HU_UI_Mode maintains previous state | O21: X | P21: X | Q21: O
H22: 4 | I22: ▪ [HU_BLTN_CAM_PE_00_200ms] - HU_BLTN_CAM_UI_Mode = 0x6 (Reserved) | J22: ▪ BLTN_CAM_HU_UI_Mode maintains previous state | O22: X | P22: X | Q22: O
H23: 5 | I23: ▪ [HU_BLTN_CAM_PE_00_200ms] - HU_BLTN_CAM_UI_Mode = 0x7 (Reserved) | J23: ▪ BLTN_CAM_HU_UI_Mode maintains previous state | O23: X | P23: X | Q23: O
H24: 6 | I24: ▪ [HU_BLTN_CAM_PE_00_200ms] - HU_BLTN_CAM_UI_Mode = 0x8 (Reserved) | J24: ▪ BLTN_CAM_HU_UI_Mode maintains previous state | O24: X | P24: X | Q24: O
H25: 7 | I25: ▪ [HU_BLTN_CAM_PE_00_200ms] - HU_BLTN_CAM_UI_Mode = 0x9 (Reserved) | J25: ▪ BLTN_CAM_HU_UI_Mode maintains previous state | O25: X | P25: X | Q25: O
H26: 8 | I26: ▪ [HU_BLTN_CAM_PE_00_200ms] - HU_BLTN_CAM_UI_Mode = 0xA (Reserved) | J26: ▪ BLTN_CAM_HU_UI_Mode maintains previous state | O26: X | P26: X | Q26: O
H27: 9 | I27: ▪ [HU_BLTN_CAM_PE_00_200ms] - HU_BLTN_CAM_UI_Mode = 0xB (Reserved) | J27: ▪ BLTN_CAM_HU_UI_Mode maintains previous state | O27: X | P27: X | Q27: O
H28: 10 | I28: ▪ [HU_BLTN_CAM_PE_00_200ms] - HU_BLTN_CAM_UI_Mode = 0xC (Reserved) | J28: ▪ BLTN_CAM_HU_UI_Mode maintains previous state | O28: X | P28: X | Q28: O
H29: 11 | I29: ▪ [HU_BLTN_CAM_PE_00_200ms] - HU_BLTN_CAM_UI_Mode = 0xD (Reserved) | J29: ▪ BLTN_CAM_HU_UI_Mode maintains previous state | O29: X | P29: X | Q29: O
H30: 12 | I30: ▪ [HU_BLTN_CAM_PE_00_200ms] - HU_BLTN_CAM_UI_Mode = 0xE (Reserved) | J30: ▪ BLTN_CAM_HU_UI_Mode maintains previous state | O30: X | P30: X | Q30: O
F31: HS-CAN: [HU_BLTN_CAM_PE_00_200ms] - HU_UI_Mode = INVALID B2-FD: [BLTN_CAM_FD_HU_01_200ms] - HU_UI_Mode = INVALID | H31: 13 | I31: ▪ [HU_BLTN_CAM_PE_00_200ms] - HU_BLTN_CAM_UI_Mode = 0xF(Invalid) | J31: ▪ BLTN_CAM_HU_UI_Mode maintains previous state | O31: X | P31: X | Q31: O
A32: HU_003 | B32: SyR-IF-031,SyR-FR-089 | C32: ▪Requirement-based test ▪Test of interaction/ communication | D32: ▪Requirements Analysis ▪Interface Analysis | E32: [Built-in Cam Screen Mode] (3) Power Conditions | F32: ACC → Enter Built-in Cam View → IGN → Maintain Built-in Cam View | G32: ▪ Built-in Cam: Booted successfully ▪ Front/Rear Camera: Recognized by the system ▪ SD Card: Original installed and ready to save ▪ DCM/CCU/CW: Connected and recognized by the system ▪ Vehicle Power: KEY OFF ▪ Vehicle Voltage: 12V ▪ Recording Settings: Driving Continuous/Event, Parking Continuous/Event Settings ON | H32: 1 | I32: ▪ ACC ON ▪ Enter Built-in Cam Screen | J32: ▪ Enter BLTN_CAM mode | O32: X | P32: O | Q32: O
H33: 2 | I33: ▪ IGN ON ▪ Check built-in cam screen retention | J33: ▪ Maintain BLTN_CAM mode | O33: X | P33: O | Q33: O
F34: IGN → Enter built-in cam view | H34: 3 | I34: ▪ ACC & IGN ON ▪ HU_UI_Mode = 0x1 (Built-In Cam Mode) | J34: ▪ Enter BLTN_CAM mode | O34: X | P34: X | Q34: O
F35: Remote Start Status → Enter Built-in Cam Screen | H35: 4 | I35: ▪ IGN ON (ACC OFF, Communication Alive) ▪ HU_UI_Mode = 0x1 (Built-In Cam Mode) | J35: ▪ Don't Care (In the actual vehicle, the AVN boots up but the screen is OFF) | O35: X | P35: X | Q35: X
F36: Remote Start → ACC ON → Enter Built-in Cam Screen | H36: 5 | I36: ▪ IGN ON ▪ Turn ACC ON after a 10-second wait ▪ HU_UI_Mode = 0x1(Built-In Cam Mode) | J36: ▪ Enter BLTN_CAM mode | O36: X | P36: X | Q36: O
F37: Repeat KEY ON/OFF 20 times | H37: 6 | I37: ▪ Key On, Driving/Parking Continuous Recording Setting On ▪ Enter AVN Mode ▪ Confirm Driving Recording In Progress ▪ Repeat Key Reset 20 times, then return to the final state Key On | J37: ▪ Enter BLTN_CAM mode | O37: X | P37: X | Q37: O
A38: HU_004 | B38: SyR-IF-080,SyR-CON-027 | C38: ▪Requirement-based test ▪Test of interaction/ communication | D38: ▪Requirements Analysis ▪Interface Analysis ▪Boundary Value Analysis | E38: [Built-in Cam Time Setting] (1) | F38: [HU_CLOCK_PE_02] Check RTC settings via message ▪ Verify if the current time is set (applied when the second value differs from the previous value) ▪ Verify if the time changes between 12-hour and 24-hour formats ※ In CAN specifications, if even one value is invalid, it is ignored. ※ In Ethernet specifications, refer only to the values ​​under the setting failure conditions below. ※ Signal preconditions by platform type HS-CAN : [HU_CLOCK_PE_02] B2-FD : [HU_CLOCK_01_1000ms] | G38: ▪ Built-in Cam: Booted successfully ▪ Front/Rear Camera: Recognized by the system ▪ SD Card: Original installed and ready to save ▪ DCM/CCU/CW: Connected and recognized by the system ▪ Vehicle Power: KEY ON ▪ Vehicle Voltage: 12V ▪ Recording Settings: Driving Continuous/Event, Parking Continuous/Event Settings ON | H38: 1 | I38: ▪ Driving Recording Setting ON, Recorded Video Time Information Display ON ▪ [HU_CLOCK_PE_02] - HU_TimeFormat = 0x2(24Hour) - HU_Status = 0x2(GPS receiving) - HU_TimeSetting = 0x1(User Time) - HU_DisplayHour = Set Current Time - HU_DisplayMinute = Set Current Time - HU_DisplaySecond = Set Current Time - HU_DisplayYear1 = Set Current Time - HU_DisplayMonth = Set Current Time - HU_DisplayYear2 = Set Current Time - HU_DisplayDay = Set Current Time - HU_ClockInfo = 0x1(ACLOCK Refresh) - HU_ComRefresh = 0x2(Internal Clock Exist) - HU_AM_PM_INFO = 0x0(Not Used) ▪ Built-in Cam Screen Enter ▪ Check the time on the clock at the top | J38: ▪ Match setting time: HH:MM ▪ 24-hour format display ▪ Check date: Month D (Day of the week) | O38: O | P38: X | Q38: X
H39: 2 | I39: ▪ Check export region time indication ※ Specifications verification required. | J39: ? | O39: X | P39: X | Q39: X
H40: 3 | I40: ▪ Check the day of the week display on the clock at the top center. | J40: ▪ Exactly matches the position and shape of the top clock on the AVN | O40: X | P40: X | Q40: X
H41: 4 | I41: ▪ Check OSD timestamps for continuous driving recording files (Front/Rear) ▪ Check creation timestamps for continuous driving recording files | J41: ▪ OSD time matches driving continuous recording files (Front/Rear) ▪ Creation time matches driving continuous recording files | O41: X | P41: X | Q41: X
F42: Check if it is set after 1, 2, and 5 years Verify retention after Power Reset | H42: 5 | I42: ▪ [HU_CLOCK_PE_02] Setting up one year later | J42: ▪ Check if it is set to the time one year later | O42: X | P42: X | Q42: X
H43: 6 | I43: ▪ ACC & IGN OFF → Enter Sleep ▪ ACC & IGN ON → Enter Built-in Cam Screen, Check Generated Continuous Driving Footage | J43: ▪ Verify that setting values ​​are maintained | O43: X | P43: X | Q43: X
H44: 7 | I44: ▪ [HU_CLOCK_PE_02] Setting up 2 years later | J44: ▪ Check if it is set to the time 2 years later | O44: X | P44: X | Q44: X
H45: 8 | I45: ▪ ACC & IGN OFF → Enter Sleep ▪ ACC & IGN ON → Enter Built-in Cam Screen, Check Generated Continuous Driving Footage | J45: ▪ Verify that setting values ​​are maintained | O45: X | P45: X | Q45: X
H46: 9 | I46: ▪ [HU_CLOCK_PE_02] Setting up 5 years later | J46: ▪ Check if it is set to the time 5 years later | O46: X | P46: X | Q46: X
H47: 10 | I47: ▪ ACC & IGN OFF → Enter Sleep ▪ ACC & IGN ON → Enter Built-in Cam Screen, Check Generated Continuous Driving Footage | J47: ▪ Verify that setting values ​​are maintained | O47: X | P47: X | Q47: X
F48: Verify RTC time retention | H48: 11 | I48: ▪ Check for any time discrepancies after leaving it for 1 to 1 week. | J48: ▪ Maintain RTC setting value | O48: X | P48: X | Q48: X
F49: Operation verification when changing the date during driving recording | H49: 12 | I49: ▪ Driving Continuous Recording in AVN Mode ▪ [HU_CLOCK_PE_02] Setting for 1 Year ▪ Check whether driving continuous recording file was created and the creation time after 2 minutes | J49: ▪ [HU_CLOCK_PE_02] Verify that the file currently being recorded is created according to the previous timeline upon setting. ▪ Verify that the next recording file is created according to the set timeline one year from now. ▪ The continuous driving recording file will play normally. | O49: X | P49: X | Q49: X
A50: HU_005 | B50: SyR-IF-080 | C50: ▪Requirement-based test ▪Test of interaction/ communication | D50: ▪Requirements Analysis ▪Interface Analysis | E50: [Built-in Cam Time Setting] (2): Cannot be set when receiving Inavlid value | F50: RTC setting impossible condition: HU_TimeFormat = Invalid | G50: ▪ Built-in Cam: Booted successfully ▪ Front/Rear Camera: Recognized by the system ▪ SD Card: Original installed and ready to save ▪ DCM/CCU/CW: Connected and recognized by the system ▪ Vehicle Power: KEY ON ▪ Vehicle Voltage: 12V ▪ Recording Settings: Driving Continuous/Event, Parking Continuous/Event Settings ON | H50: 1 | I50: ▪ [HU_CLOCK_PE_02] - HU_TimeSetting = 0x3(Invalid), Check if applied after setting valid values ​​for the remaining Signals ※ The HU_DisplaySecond value must be entered differently from the previous value for the time to be applied. | J50: ▪ Time can be set when the corresponding signal is invalid | O50: X | P50: X | Q50: X
F51: RTC setting impossible condition: HU_DisplayHour = Invalid | H51: 2 | I51: ▪ [HU_CLOCK_PE_02] - HU_DisplayHour = 0xFF(Invalid) Check if applied after setting valid values ​​for the remaining signals ▪ Check if applied after entering valid values ​​into the corresponding signals | J51: ▪ Time cannot be set when the corresponding signal is invalid. ▪ Time is set when a valid value is entered. | O51: X | P51: X | Q51: X
F52: RTC setting impossible condition: HU_Status = Invalid | H52: 3 | I52: ▪ [HU_CLOCK_PE_02] - HU_Status = 0xF(Invalid) Check if applied after setting valid values ​​for the remaining signals ▪ Check if applied after entering valid values ​​into the corresponding signals | J52: ▪ Time can be set when the corresponding signal is invalid | O52: X | P52: X | Q52: X
F53: RTC setting impossible condition: HU_DisplayMinute = Invalid | H53: 4 | I53: ▪ [HU_CLOCK_PE_02] - HU_DisplayMinute = 0xFF(Invalid) Check if applied after setting valid values ​​for the remaining signals ▪ Check if applied after entering valid values ​​into the corresponding signals | J53: ▪ Time cannot be set when the corresponding signal is invalid. ▪ Time is set when a valid value is entered. | O53: X | P53: X | Q53: X
F54: Condition for inability to set RTC: HU_DisplaySecond = Invalid | H54: 5 | I54: ▪ [HU_CLOCK_PE_02] - HU_DisplaySecond = 0xFF(Invalid) Check if applied after setting valid values ​​for the remaining signals ▪ Check if applied after entering valid values ​​into the corresponding signals | J54: ▪ Time cannot be set when the corresponding signal is invalid. ▪ Time is set when a valid value is entered. | O54: X | P54: X | Q54: X
F55: RTC setting impossible condition: HU_DisplayYear1 = Invalid | H55: 6 | I55: ▪ [HU_CLOCK_PE_02] - HU_DisplayYear1 = 0x3(Invalid) Check if applied after setting valid values ​​for the remaining signals ▪ Check if applied after entering valid values ​​into the corresponding signals | J55: ▪ Time cannot be set when the corresponding signal is invalid. ▪ Time is set when a valid value is entered. | O55: X | P55: X | Q55: X
F56: RTC setting impossible condition: HU_DisplayMonth = Invalid | H56: 7 | I56: ▪ [HU_CLOCK_PE_02] - HU_DisplayMonth = 0xF(Invalid) Check if applied after setting valid values ​​for the remaining Signals ▪ Check if applied after entering valid values ​​into the corresponding signals | J56: ▪ Time cannot be set when the corresponding signal is invalid. ▪ Time is set when a valid value is entered. | O56: X | P56: X | Q56: X
F57: RTC setting impossible condition: HU_DisplayYear2 = Invalid | H57: 8 | I57: ▪ [HU_CLOCK_PE_02] - HU_DisplayYear2 = 0xFF(Invalid) Check if applied after setting valid values ​​for the remaining signals ▪ Check if applied after entering valid values ​​into the corresponding signals | J57: ▪ Time cannot be set when the corresponding signal is invalid. ▪ Time is set when a valid value is entered. | O57: X | P57: X | Q57: X
F58: Condition for inability to set RTC: HU_DisplayDay = Invalid | H58: 9 | I58: ▪ [HU_CLOCK_PE_02] - HU_DisplayDay = 0xFF(Invalid) Check if applied after setting valid values ​​for the remaining signals ▪ Check if applied after entering valid values ​​into the corresponding signals | J58: ▪ Time cannot be set when the corresponding signal is invalid. ▪ Time is set when a valid value is entered. | O58: X | P58: X | Q58: X
A59: HU_007 | B59: SyR-FR-085,SyR-NFR-036,SyR-IF-030 | C59: ▪Requirement-based test ▪Test of interaction/ communication | D59: ▪Requirements Analysis ▪Interface Analysis | E59: Check real-time screen after B+ reset | F59: Real-time screen repeat verification after B+ reset | G59: ▪ Built-in Cam: Booted successfully ▪ Front/Rear Camera: Recognized by the system ▪ SD Card: Original installed and ready to save ▪ DCM/CCU/CW: Connected and recognized by the system ▪ Vehicle Power: KEY ON ▪ Vehicle Voltage: 12V ▪ Recording Settings: Driving Continuous/Event, Parking Continuous/Event Settings ON | H59: 1 | I59: ▪ B+ Reset ▪ Check real-time screen after entering built-in cam screen (repeat 10 times) | J59: ▪ Ensure front and rear cameras output normally | O59: X | P59: X | Q59: X
A60: HU_010 | B60: SyR-FR-154,SyR-FR-155,SyR-FR-156,SyR-IF-051 | C60: ▪Requirement-based test ▪Test of interaction/ communication | D60: ▪Requirements Analysis ▪Interface Analysis | E60: [Parking Event Notification Settings] BLTN_CAM_Set_PEV_AppNoti | F60: Check default value | G60: ▪ Built-in Cam: Booted successfully ▪ Front/Rear Camera: Recognized by the system ▪ SD Card: Original installed and ready to save ▪ DCM/CCU/CW: Connected and recognized by the system ▪ Vehicle Power: KEY ON ▪ Vehicle Voltage: 12V ▪ Recording Settings: Driving Continuous/Event, Parking Continuous/Event Settings ON | H60: 1 | I60: ▪ BLTN_CAM_AppNoti_PEV_NvalueSet = 0x0:Default | J60: ▪ Maintain previous value | O60: X | P60: O | Q60: O | R60: 주차충격 알림_지원
F61: Event Notification Settings Set Signal: OFF | H61: 2 | I61: ▪ BLTN_CAM_AppNoti_PEV_NvalueSet = 0x1:Off | J61: ▪ BLTN_CAM_Set_PEV_AppNoti = 0x1:Off | O61: O | P61: O | Q61: O | R61: 주차충격 알림_지원
F62: Event Notification Settings Set Signal: ON | H62: 3 | I62: ▪ BLTN_CAM_AppNoti_PEV_NvalueSet = 0x2:On | J62: ▪ BLTN_CAM_Set_PEV_AppNoti = 0x2:On | O62: O | P62: O | Q62: O | R62: 주차충격 알림_지원
F63: Check for undefined value malfunction (0x3:Invalid) | H63: 4 | I63: ▪ BLTN_CAM_AppNoti_PEV_NvalueSet = 0x3:Invalid | J63: ▪ Maintain previous value | O63: X | P63: O | Q63: O | R63: 주차충격 알림_지원
A64: HU_011 | B64: SyR-FR-154,SyR-FR-155,SyR-FR-156,SyR-IF-053 | C64: ▪Requirement-based test ▪Test of interaction/ communication | D64: ▪Requirements Analysis ▪Interface Analysis | E64: [Built-in Cam WiFi Activation Setting] BLTN_CAM_Set_WiFi_AutoOn | F64: Check default value | G64: ▪ Built-in Cam: Booted successfully ▪ Front/Rear Camera: Recognized by the system ▪ SD Card: Original installed and ready to save ▪ DCM/CCU/CW: Connected and recognized by the system ▪ Vehicle Power: KEY ON ▪ Vehicle Voltage: 12V ▪ Recording Settings: Driving Continuous/Event, Parking Continuous/Event Settings ON | H64: 1 | I64: ▪ BLTN_CAM_WiFi_AutoOn_NvalueSet = 0x0:Default | J64: ▪ BLTN_CAM_Set_WiFi_AutoOn = 0x0:Default | O64: X | P64: O | Q64: O
F65: Built-in Cam WiFi Activation Settings Set Signal: OFF | H65: 2 | I65: ▪ BLTN_CAM_WiFi_AutoOn_NvalueSet = 0x1:Off | J65: ▪ BLTN_CAM_Set_WiFi_AutoOn = 0x1:Off | O65: O | P65: O | Q65: O
F66: Built-in Cam WiFi Activation Settings Set Signal: ON | H66: 3 | I66: ▪ BLTN_CAM_WiFi_AutoOn_NvalueSet = 0x2:On | J66: ▪ BLTN_CAM_Set_WiFi_AutoOn = 0x2:On | O66: O | P66: O | Q66: O
F67: Check for undefined value malfunction (0x3:Invalid) | H67: 4 | I67: ▪ BLTN_CAM_WiFi_AutoOn_NvalueSet = 0x3:Invalid | J67: ▪ BLTN_CAM_Set_WiFi_AutoOn = No change (Signal value will not change.) | O67: X | P67: O | Q67: O
A68: HU_013 | B68: SyR-FR-155,SyR-FR-156,SyR-NFR-039,SyR-FR-167,SyR-IF-044,SyR-NFR-040,SyR-FR-168,SyR-IF-045,SyR-NFR-041,SyR-FR-169,SyR-IF-046,SyR-NFR-042,SyR-IF-043,SyR-CON-046 | C68: ▪Requirement-based test ▪Test of interaction/ communication | D68: ▪Requirements Analysis ▪Interface Analysis | E68: [Check signal output status by message] : HU_BLTN_CAM_E_00 | F68: Check if BLTN_CAM_PrkTime_NvalueSet is working | G68: ▪ Built-in Cam: Booted successfully ▪ Front/Rear Camera: Recognized by the system ▪ SD Card: Original installed and ready to save ▪ DCM/CCU/CW: Connected and recognized by the system ▪ Vehicle Power: KEY ON ▪ Vehicle Voltage: 12V ▪ Recording Settings: Driving Continuous/Event, Parking Continuous/Event Settings ON | H68: 1 | I68: ▪ Check if the corresponding signal is active - BLTN_CAM_PrkTime_NvalueSet(2Hr ~ 20Hr) | J68: ▪ Parking recording time is set based on the corresponding signal value | O68: O | P68: O | Q68: O
F69: Check if BLTN_CAM_EV_BfrTime_NvalueSet is working | H69: 2 | I69: ▪ Check if the corresponding signal is active - BLTN_CAM_EV_BfrTime_NvalueSet(10s, 15s, 20s) | J69: ▪ Recording time before event occurrence is set based on the corresponding signal value | O69: O | P69: O | Q69: O
F70: Check if BLTN_CAM_EV_AftTime_NvalueSet is working | H70: 3 | I70: ▪ Check if the corresponding signal is active - BLTN_CAM_EV_AftTime_NvalueSet(10s, 15s, 20s) | J70: ▪ Recording time is set after the event occurs based on the corresponding signal value | O70: O | P70: O | Q70: O
F71: Check if BLTN_CAM_TML_Int_NvalueSet is working | H71: 4 | I71: ▪ Check if the corresponding signal is active - BLTN_CAM_TML_Int_NvalueSet(20, 40, 100min) | J71: ▪ Time-lapse recording interval is set based on the corresponding signal value | O71: O | P71: O | Q71: O
F72: Check if BLTN_CAM_Sen_DEV_NvalueSet is working | H72: 5 | I72: ▪ Check if the corresponding signal is active - BLTN_CAM_Sen_DEV_NvalueSet(Lv1 ~ Lv5) | J72: ▪ Driving event detection sensitivity is set according to the corresponding signal value | O72: O | P72: O | Q72: O
F73: Check if BLTN_CAM_Sen_PEV_NvalueSet is working | H73: 6 | I73: ▪ Check if the corresponding signal is active - BLTN_CAM_Sen_PEV_NvalueSet(Lv1 ~ Lv5) | J73: ▪ Parking event detection sensitivity is set based on the corresponding signal value | O73: O | P73: O | Q73: O
A74: HU_008 | B74: SyR-FR-155,SyR-FR-156 | C74: ▪Requirement-based test ▪Test of interaction/ communication | D74: ▪Requirements Analysis ▪Interface Analysis | E74: [Parking Motion Detection Recording Settings] : HU_BLTN_CAM_01_00ms | F74: Check if BLTN_CAM_PMD_NvalueSet is working | G74: ▪ Built-in Cam: Booted successfully ▪ Front/Rear Camera: Recognized by the system ▪ SD Card: Original installed and ready to save ▪ DCM/CCU/CW: Connected and recognized by the system ▪ Vehicle Power: KEY ON ▪ Vehicle Voltage: 12V ▪ Recording Settings: Driving Continuous/Event, Parking Continuous/Event Settings ON | H74: 1 | I74: ▪ Check if the corresponding signal is active - BLTN_CAM_PMD_NvalueSet (off, on) | J74: ▪ Parking motion detection recording is enabled based on the corresponding signal value | O74: X | P74: X | Q74: O
A75: HU_014 | B75: SyR-IF-062 | C75: ▪Requirement-based test | D75: ▪Requirements Analysis | E75: [Built-in Cam S/W Version Signal] | F75: Check if the built-in cam S/W version and version information signals match. | G75: ▪ Built-in Cam: Booted successfully ▪ Front/Rear Camera: Recognized by the system ▪ SD Card: Original installed and ready to save ▪ DCM/CCU/CW: Connected and recognized by the system ▪ Vehicle Power: KEY ON ▪ Vehicle Voltage: 12V ▪ Recording Settings: Driving Continuous/Event, Parking Continuous/Event Settings ON | H75: 1 | I75: Comparison of built-in cam S/W version and the signal below (example below) BLTN_CAM_SWVerMajor1 : 0x41 (HEX) → ASCII CODE : "A" BLTN_CAM _SWVerMinor1 : 0x01 (HEX) → ASCII CODE : "01" BLTN_CAM _SWVerMinor2 : 0x0A (HEX) → ASCII CODE : "10" BLTN_CAM _SWVerMinor3 : 0x47 (HEX) → ASCII CODE : "71" | J75: ▪ Match built-in cam S/W version and version information signal | O75: O | P75: X | Q75: X
A76: HU_015 | B76: SyR-FR-025,SyR-FR-026 | C76: ▪Requirement-based test ▪Test of interaction/ communication | D76: ▪Requirements Analysis ▪Interface Analysis | E76: [SD Card Slot Unit] : Indicator Output | F76: Check SD card jack unit indicator output | G76: ▪ Built-in Cam: Booted successfully ▪ Front/Rear Camera: Recognized by the system ▪ SD Card: Original installed and ready to save ▪ DCM/CCU/CW: Connected and recognized by the system ▪ Vehicle Power: KEY ON ▪ Vehicle Voltage: 12V ▪ Recording Settings: Driving Continuous/Event, Parking Continuous/Event Settings ON | H76: 1 | I76: ▪ Driving Recording Status ▪ Check SD Card Jack Unit Indicator Output | J76: ▪ Micro SD INDICATOR = ON - Duty : 100% - Hyundai : Cool White - Kia : Pure White | O76: X | P76: X | Q76: X
A77: HU_016 | B77: SyR-FR-024,SyR-NFR-022 | C77: ▪Requirement-based test ▪Test of interaction/ communication | D77: ▪Requirements Analysis ▪Interface Analysis | E77: [Verify SD card recognition at boot time] | F77: Check if the SD card is properly recognized when the built-in cam boots up | G77: ▪ Built-in Cam: Booted successfully ▪ Front/Rear Camera: Recognized by the system ▪ SD Card: Original installed and ready to save ▪ DCM/CCU/CW: Connected and recognized by the system ▪ Vehicle Power: KEY ON ▪ Vehicle Voltage: 12V ▪ Recording Settings: Driving Continuous/Event, Parking Continuous/Event Settings ON | H77: 1 | I77: Reset Built-in Cam B+ with CW ON | J77: The SD card must be recognized properly (no unrecognized icon should appear). | O77: X | P77: X | Q77: X
A78: HU_017 | B78: SyR-NFR-034,SyR-NFR-058,SyR-FR-266,SyR-FR-265 | C78: ▪Requirement-based test ▪Test of interaction/ communication | D78: ▪Requirements Analysis ▪Interface Analysis | E78: [BLTN_CAM Initialization Time] (1) | F78: Check the initial recording time after booting | G78: ▪ Built-in Cam: Booted successfully ▪ Front/Rear Camera: Recognized by the system ▪ SD Card: Original installed and ready to save ▪ DCM/CCU/CW: Connected and recognized by the system ▪ Vehicle Power: KEY ON ▪ Vehicle Voltage: 12V ▪ Recording Settings: Driving Continuous/Event, Parking Continuous/Event Settings ON | H78: 1 | I78: ▪ HU_UI_Mode = 0x1(Built-In Cam Mode) ▪ [Built-In Cam Settings] - [SD Memory] - Initialize SD Memory, then [Record] - Turn On Continuous/Event Recording while Driving ▪ Turn Off B+, ACC, and IGN ▪ Point the stopwatch at the front camera and turn on B+, ACC, and IGN simultaneously with the start. ▪ Check the stopwatch time recorded in the first frame of the continuous driving recording file. | J78: ▪ Check the stopwatch time recorded in the first frame of the continuous driving recording file ▪ Recording start time 6s ±10% | O78: O | P78: X | Q78: X
F79: Waiting for UI transition | H79: 2 | I79: ▪ Check the built-in cam mode entry time after touching the built-in cam mode entry icon | J79: ▪ Within 7,000ms (Boot time 5 seconds + LVDS video output switching time 2 seconds) : Approximately 1 second can be expected since the CW generates the GUI. | O79: O | P79: X | Q79: X
A80: HU_018 | B80: SyR-NFR-034 | C80: ▪Requirement-based test | D80: ▪Requirements Analysis | E80: [BLTN_CAM Initialization Time] (2) | F80: Reboot while in Built-in Cam mode | G80: ▪ Built-in Cam: Booted successfully ▪ Front/Rear Camera: Recognized by the system ▪ SD Card: Original installed and ready to save ▪ DCM/CCU/CW: Connected and recognized by the system ▪ Vehicle Power: KEY ON ▪ Vehicle Voltage: 12V ▪ Recording Settings: Driving Continuous/Event, Parking Continuous/Event Settings ON | H80: 1 | I80: ▪ HU_UI_Mode = 0x1(Built-In Cam Mode) ▪ Driving Recording Setting ON, Parking Recording Setting OFF ▪ ACC & IGN OFF(Enter Sleep State) → (Wait 5 sec) → KEY ON | J80: ▪ Recording start time: After KEY ON (Check recording file) - Ethernet Type: Within 6,000 ms ± 10% ▪ BLTN_CAM_RecSta_OWD = 0x1 | O80: X | P80: X | Q80: O
F81: Rebooting during time-lapse recording | H81: 2 | I81: ▪ Time-lapse recording in progress ▪ ACC & IGN OFF → (Wait 5 seconds) → KEY ON | J81: ▪ Recording start time: After KEY ON (Check recording file) - Ethernet Type: Within 6,000 ms ± 10% ▪ BLTN_CAM_RecSta_OWD = 0x1 | O81: X | P81: X | Q81: O
F82: Reboot when performing complex conditions (Constant while driving + Impact + Manual switch input + Time-lapse) | H82: 3 | I82: ▪ Continuous Recording While Driving + Impact + Manual Switch Input + Time-lapse Recording Status ▪ ACC & IGN OFF → (Wait 5 sec) → KEY ON | J82: ▪ Recording start time: After KEY ON (Check recording file) - Ethernet Type: Within 6,000 ms ± 10% ▪ BLTN_CAM_RecSta_OWD = 0x1 | O82: X | P82: X | Q82: O
F83: B+ Reboot after inspection (IGN ON state) | H83: 4 | I83: ▪ Press B+ 10 times while in IGN state (5 times at boot, 5 times quickly) ▪ KEY ON | J83: ▪ Recording start time: After KEY ON (Check recording file) - Ethernet Type: Within 6,000 ms ± 10% ▪ BLTN_CAM_RecSta_OWD = 0x1 | O83: X | P83: X | Q83: O
F84: Reboot after B+ inspection (B+ status) | H84: 5 | I84: ▪ Press B+ 10 times while in B+ state (5 times at boot, 5 times quickly) ▪ KEY ON | J84: ▪ Recording start time: After KEY ON (Check recording file) - Ethernet Type: Within 6,000 ms ± 10% ▪ BLTN_CAM_RecSta_OWD = 0x1 | O84: X | P84: X | Q84: O
A85: HU_019 | B85: SyR-FR-003,SyR-IF-003,SyR-NFR-003,SyR-FR-008,SyR-IF-007,SyR-IF-008,SyR-NFR-011,SyR-FR-010,SyR-IF-011,SyR-NFR-015,SyR-NFR-017,SyR-FR-085,SyR-NFR-036,SyR-IF-030 | C85: ▪Requirement-based test | D85: ▪Requirements Analysis | E85: [BLTN_CAM Initialization Time] (3) | F85: Check for abnormalities after B+ reset with IGN ON. | G85: ▪ Built-in Cam: Booted successfully ▪ Front/Rear Camera: Recognized by the system ▪ SD Card: Original installed and ready to save ▪ DCM/CCU/CW: Connected and recognized by the system ▪ Vehicle Power: KEY ON ▪ Vehicle Voltage: 12V ▪ Recording Settings: Driving Continuous/Event, Parking Continuous/Event Settings ON | H85: 1 | I85: ▪ All recording settings ON ▪ Reset B+ power while IGN is ON ▪ Enable manual events and impact events | J85: ▪ Manual and impact events are recording - Camera and switch LEDs are functioning normally | O85: X | P85: X | Q85: O
H86: 2 | I86: ▪ Enter Built-in Cam Mode ▪ Check Real-time Screen ▪ Check Videos Saved in Library | J86: - No black screen output in camera video - Recording file created successfully - No black screens recorded in the video | O86: X | P86: X | Q86: X
H87: 3 | I87: ▪ All recording settings ON ▪ B+ power reset while IGN is ON ▪ Manual event switch long press | J87: ▪ Time-lapse recording enabled - Camera and switch LEDs functioning normally | O87: X | P87: X | Q87: O
H88: 4 | I88: ▪ Enter Built-in Cam Mode ▪ Check Real-time Screen ▪ Check Videos Saved in Library | J88: - No black screen output in camera video - Recording file created successfully - No black screens recorded in the video | O88: X | P88: X | Q88: X
A89: HU_020 | B89: SyR-FR-155,SyR-FR-156 | C89: ▪Requirement-based test ▪Test of interaction/ communication | D89: ▪Requirements Analysis ▪Interface Analysis | E89: [Built-in Cam Settings] : WiFi Password Settings | F89: BLTN_CAM Settings - [Settings] - [Wifi Password Settings] | G89: ▪ Built-in Cam: Booted successfully ▪ Front/Rear Camera: Recognized by the system ▪ SD Card: Original installed and ready to save ▪ DCM/CCU/CW: Connected and recognized by the system ▪ Vehicle Power: KEY ON ▪ Vehicle Voltage: 12V ▪ Recording Settings: Driving Continuous/Event, Parking Continuous/Event Settings ON | H89: 1 | I89: ▪ HU_UI_Mode = 0x1(Built-In Cam Mode) ▪ Tap [Settings] - [App Connections] - [Set WiFi Password] | J89: ▪ Display password setting window | O89: O | P89: X | Q89: X
H90: 2 | I90: ▪ Set the password to at least 10 characters, including uppercase and lowercase English letters and numbers. | J90: ▪ New password applied | O90: O | P90: X | Q90: X
F91: Confirm password retention after regular updates in the previous version | H91: 3 | I91: ▪ Set password in previous version ▪ Proceed with update ▪ Verify that the set password works by using the mobile synchronization feature | J91: ▪ Previous version password retained | O91: O | P91: X | Q91: X
F92: Check if password is set using uppercase letters + numbers | H92: 4 | I92: ▪ Register a password using a combination of uppercase English letters and numbers ▪ Verify the functionality of the set password by using the mobile synchronization feature | J92: ▪ You can set a password using a combination of special characters, lowercase letters, and numbers. | O92: O | P92: X | Q92: X
A93: HU_021 | B93: SyR-FR-155,SyR-FR-156,SyR-FR-056,SyR-IF-021 | C93: ▪Requirement-based test ▪Test of interaction/ communication | D93: ▪Requirements Analysis ▪Interface Analysis | E93: [User Profile Settings] | F93: Verify built-in cam settings (B+ reset) - Guest - Profile1 - Profile2 | G93: ▪ Built-in Cam: Booted successfully ▪ Front/Rear Camera: Recognized by the system ▪ SD Card: Original installed and ready to save ▪ DCM/CCU/CW: Connected and recognized by the system ▪ Vehicle Power: KEY ON ▪ Vehicle Voltage: 12V ▪ Recording Settings: Driving Continuous/Event, Parking Continuous/Event Settings ON | H93: 1 | I93: ▪ Enter Built-in Cam Screen ▪ Customize Built-in Cam Settings (Set Guest, Profile 1, and Profile 2 differently) - Driving Continuous and Event Recording Settings - Parking Continuous and Event Recording Settings - Driving Data (Impact Detection Level, Gear, Position, Speed, Time, Turn Signal) - Voice Recording - Recording Time (Parking Continuous, Time-lapse, Event Recording Bfr/Aft) - Driving/Parking Event Detection Sensitivity - Front/Rear Camera Angle - Parking Impact Detection Notification Function ▪ Check whether Guest settings are retained after B+ reset | J93: ▪ Guest retains all settings ※ Specification: WiFi password is maintained as a single value regardless of profile **Retains all Guest settings** | O93: O | P93: O | Q93: O
H94: 2 | I94: ▪ Check WiFi password | J94: ▪ The WiFi password remains a single value regardless of the profile. | O94: O | P94: X | Q94: X
H95: 3 | I95: ▪ Reset B+ after changing user to Profile1 ▪ Check if settings are retained | J95: ▪ Profile1: Retain all setting values | O95: O | P95: O | Q95: O
H96: 4 | I96: ▪ Check WiFi password | J96: ▪ The WiFi password remains a single value regardless of the profile. | O96: O | P96: X | Q96: X
H97: 5 | I97: ▪ Reset B+ after switching user to Profile 2 ▪ Check if settings are retained | J97: ▪ Profile 2 retains all setting values | O97: O | P97: O | Q97: O
H98: 6 | I98: ▪ Check WiFi password | J98: ▪ The WiFi password remains a single value regardless of the profile. | O98: O | P98: X | Q98: X
F99: Confirmation of non-operation of profile linkage on ACC power | H99: 7 | I99: ▪ Enter Built-in Cam screen ▪ Arbitrarily set Built-in Cam settings (Guest, Profile1, Profile2 are different) ▪ Check setting values ​​after changing from Guest to Profile1 | J99: ▪ User profile does not operate on ACC power : Guest settings are retained | O99: X | P99: O | Q99: O
H100: 8 | I100: ▪ Check if settings are retained after switching user from Profile1 to Profile2 | J100: ▪ User profile does not operate on ACC power : Guest settings are retained | O100: X | P100: O | Q100: O
...

Sheet 보조배터리 연동기능
A1: {="BAT_"&TEXT(MAX(IFERROR(--MID($A$2:$A$4534,5,3),0)),"000")} -> BAT_059 | E1: English Translation | F1: English Translation | G1: English Translation | I1: English Translation | J1: English Translation
A2: ID | B2: SyR ID | C2: Test method | D2: TC design method | E2: Name | F2: Description | G2: Precondition | H2: Step | I2: Test procedure | J2: Expect Result | K2: Result | L2: Measure Value | M2: Remarks | O2: Manual (Basic) | P2: Automation (Basic) | Q2: Automation Applied | R2: Specification Category
A3: BAT_012 | B3: SyR-FR-186,SyR-CON-048,SyR-IF-035 | C3: ▪Requirement-based test | D3: ▪Eqivalence Class Partitioning | E3: [July 2023 Business Update] Recording time available during parking recording updated | F3: Decrease if more than 1 hour remains | G3: ▪ Built-in Cam: Booted successfully ▪ Front/Rear Camera: Recognized by the system ▪ SD Card: Original installed and ready to save ▪ DCM/CCU/CW: Connected and recognized by the system ▪ Vehicle Power: KEY ON ▪ Vehicle Voltage: 12V ▪ Recording Settings: Driving Continuous/Event, Parking Continuous/Event Settings ON | H3: 1 | I3: ▪ Start 20-hour weekly recording ▪ Randomly wake up the network every hour (using CANoe CAPL) ▪ Check weekly recording availability time (BLTN_CAM_Prk_Oprable_Time) and then check for sleep. | J3: ▪ Updates and outputs the current remaining recording time upon Wake Up : BLTN_CAM_Prk_Oprable_Time = Remaining Time (rounded down to the nearest hour) | O3: X | P3: X | Q3: O | R3: 주차녹화_지원
F4: Round up if less than 1 hour remains | H4: 2 | I4: ↑ Continue by checking when there are 59 minutes remaining | J4: ▪ BLTN_CAM_Prk_Oprable_Time = 1 Hr | O4: X | P4: X | Q4: O | R4: 주차녹화_지원
A5: BAT_013 | B5: SyR-FR-186 | C5: ▪Requirement-based test | D5: ▪Requirements Analysis | E5: [BLTN_CAM_STAT_PE_00_200ms] BLTN_CAM_Prk_Oprable_Time - CCS function | F5: Operable time updated upon network wake-up during parking recording | G5: ▪ Built-in Cam: Booted successfully ▪ Front/Rear Camera: Recognized by the system ▪ SD Card: Original installed and ready to save ▪ DCM/CCU/CW: Connected and recognized by the system ▪ Vehicle Power: KEY ON ▪ Vehicle Voltage: 12V ▪ Recording Settings: Driving Continuous/Event, Parking Continuous/Event Settings ON | H5: 1 | I5: ▪ Start continuous parking recording (capable of recording for 2 hours or more) ▪ Network Wake-up by inputting a CAN signal after CAN Sleep ▪ Check BLTN_CAM_Prk_Oprable_Time signal value | J5: ▪ Output the BLTN_CAM_Prk_Oprable_Time value as is at the time of KEY OFF. | O5: X | P5: O | Q5: O | R5: 주차녹화_지원
F6: Operable time updated upon Network Wake-up during parking recording (after 1 hour) | H6: 2 | I6: ▪ Start continuous parking recording (capable of recording for 2 hours or more) ▪ Network Wake-up by inputting an arbitrary CAN signal after 1 hour of recording ▪ Check BLTN_CAM_Prk_Oprable_Time signal value | J6: ▪ Output the value of BLTN_CAM_Prk_Oprable_Time minus 1 hour at the time of KEY OFF. | O6: X | P6: X | Q6: O | R6: 주차녹화_지원
F7: Operable time updated upon network wake-up after parking recording is complete | H7: 3 | I7: ▪ Start continuous parking recording (capable of recording for 2 hours or more) ▪ Network Wake-up by inputting an arbitrary CAN signal after 1 hour of recording is complete ▪ Check BLTN_CAM_Prk_Oprable_Time signal value | J7: ▪ BLTN_CAM_Prk_Oprable_Time = 1 Hr output | O7: X | P7: X | Q7: O | R7: 주차녹화_지원
A8: BAT_014 | B8: SyR-FR-181,SyR-FR-186 | C8: ▪Requirement-based test | D8: ▪Requirements Analysis | E8: [BLTN_CAM_STAT_PE_00_200ms] BLTN_CAM_Prk_Oprable_Time - CCS function | F8: Check available parking recording time via the CCS app - Continuous parking recording | G8: ▪ Built-in Cam: Booted successfully ▪ Front/Rear Camera: Recognized by the system ▪ SD Card: Original installed and ready to save ▪ DCM/CCU/CW: Connected and recognized by the system ▪ Vehicle Power: KEY ON ▪ Vehicle Voltage: 12V ▪ Recording Settings: Driving Continuous/Event, Parking Continuous/Event Settings ON | H8: 1 | I8: ▪ Start continuous recording for 2 hours ▪ Network Wake-up by inputting an arbitrary CAN signal after completing recording for 1 hour or more ▪ Check BLTN_CAM_Prk_Oprable_Time signal value | J8: ▪ Output BLTN_CAM_Prk_Oprable_Time = 0x1 (Specification: 1 second ~ 1 hour 59 minutes 59 seconds → 1 hour output) | O8: X | P8: X | Q8: X | R8: 주차충격 알림_지원
H9: 2 | I9: ▪ Check the BLTN_CAM_Prk_Oprable_Time signal value after completing 2 hours of parking recording. | J9: ▪ BLTN_CAM_Prk_Oprable_Time = 0x0 output (Specification: 0 seconds (recording ends) → 0 hours output) | O9: X | P9: X | Q9: X | R9: 주차충격 알림_지원
A10: BAT_015 | B10: SyR-FR-181,SyR-FR-186 | C10: ▪Requirement-based test | D10: ▪Requirements Analysis | F10: Check available parking recording time via CCS app - Parking motion recording | G10: ▪ Built-in Cam: Booted successfully ▪ Front/Rear Camera: Recognized by the system ▪ SD Card: Original installed and ready to save ▪ DCM/CCU/CW: Connected and recognized by the system ▪ Vehicle Power: KEY ON ▪ Vehicle Voltage: 12V ▪ Recording Settings: Driving Continuous/Event, Motion/Event Settings ON | H10: 1 | I10: ▪ Start parking motion recording ▪ Network Wake-up by inputting an arbitrary CAN signal after recording for 1 hour or more is complete ▪ Check BLTN_CAM_Prk_Oprable_Time signal value | J10: ▪ P-LBM Model (LX3) : Output recording time based on SOC ▪ eAGM Model / P-LBM + eAGM Model (JW1 PE) : BLTN_CAM_Prk_Oprable_Time = BLTN_CAM_Set_PrkTime - BLTN_CAM_PRK_Oped_Time | O10: X | P10: X | Q10: X | R10: 주차충격 알림_지원
H11: 2 | I11: ▪ Check BLTN_CAM_Prk_Oprable_Time signal value after 2 hours of parking recording | J11: ▪ P-LBM Model (LX3) : Output recording time based on SOC ▪ eAGM Model / P-LBM + eAGM Model (JW1 PE) : BLTN_CAM_Prk_Oprable_Time = BLTN_CAM_Set_PrkTime - BLTN_CAM_PRK_Oped_Time | O11: X | P11: X | Q11: X | R11: 주차충격 알림_지원
A12: BAT_016 | B12: SyR-FR-181,SyR-IF-035,SyR-CON-040 | C12: ▪Requirement-based test | D12: ▪Requirements Analysis | E12: [BLTN_CAM_STAT_PE_00_200ms] BLTN_CAM_Prk_Oprable_Time_Max | F12: Check BLTN_CAM_Prk_Oprable_Time_Max output value (120 hours - always-on setting) | G12: ▪ Built-in Cam: Booted successfully ▪ Front/Rear Camera: Recognized by the system ▪ SD Card: Original installed and ready to save ▪ DCM/CCU/CW: Connected and recognized by the system ▪ Vehicle Power: KEY ON ▪ Vehicle Voltage: 12V ▪ Recording Settings: Driving Continuous/Event, Parking Continuous/Event Settings ON | H12: 1 | I12: ▪ Set parking recording time to 10–120 hours and check the signal below ▪ Check the BLTN_CAM_Prk_Oprable_Time_Max value | J12: ▪ BLTN_CAM_Prk_Oprable_Time_Max = 0x78(120Hr) Fixed | O12: X | P12: O | Q12: O | R12: 주차녹화_지원
A13: BAT_059 | B13: SyR-FR-181,SyR-FR-182.SyR-FR-183,SyR-FR-082,SyR-FR-083,SyR-IF-035,SyR-FR-166,SyR-IF-050 | C13: ▪Requirement-based test | D13: ▪Requirements Analysis ▪Eqivalence Class Partitioning | E13: [M-LBM Compatible Vehicles] Recording Operation Specifications -1 | F13: When MainLBM_SocVal = input exceeding 30% | G13: ▪ Built-in Cam: Booted successfully ▪ Front/Rear Camera: Recognized by the system ▪ SD Card: Original installed and ready to save ▪ DCM/CCU/CW: Connected and recognized by the system ▪ Vehicle Power: KEY ON ▪ Vehicle Voltage: 12V ▪ Recording Settings: Driving Continuous/Event, Parking Continuous/Event Settings ON | H13: 1 | I13: ▪ Parking Recording Setting ON ▪ [LBM_FD_02_100ms] MainLBM_SocVal = 31% ▪ Key Off | J13: ▪ BLTN_CAM_Prk_Oprable_Time = BLTN_CAM_Set_PrkTIme ▪ BLTN_CAM_RecSta_OWP = 0X1 (ON) ▪ Verify normal operation of parking recording | O13: X | P13: X | Q13: O | R13: 주차녹화 전원_MLBM
F14: When MainLBM_SocVal = 30% or less | H14: 2 | I14: ▪ Parking Recording Setting ON ▪ [LBM_FD_02_100ms] MainLBM_SocVal = 30% ▪ Key Off | J14: ▪ BLTN_CAM_Prk_Oprable_Time = 0x0 ▪ BLTN_CAM_RecSta_OWP = 0X0 (OFF) ▪ Parking recording not entered | M14: 30% 이하->30%미만 변경 | O14: X | P14: X | Q14: O | R14: 주차녹화 전원_MLBM
F15: Check parking recording for the set time | H15: 3 | I15: ▪ Parking Recording Setting ON ▪ [LBM_FD_02_100ms] MainLBM_SocVal = Enable 31% or higher ▪ BLTN_CAM_Set_PrkTime = 20H ▪ Key Off | J15: ▪ BLTN_CAM_Prk_Oprable_Time = 20H ▪ Verify normal operation of parking recording for the set time ▪ BLTN_CAM_PrkOp_Termiate_Info = 0x6:Park operation terminate on time which user set | O15: X | P15: X | Q15: O | R15: 주차녹화 전원_MLBM
F16: Check M-BLM 120H Operation Specifications ※ Not applicable to M-LBM vehicle models | H16: 4 | I16: ▪ Turn on Parking Recording ▪ [LBM_FD_02_100ms] Enable MainLBM_SocVal = 31% or higher ▪ Set Parking Recording Time to 120H ▪ Verify Parking Recording and Sleep entry after Key Off ▪ 120-hour standby | J16: ▪ Confirmed normal operation of 120-hour (5-day) week recording ▪ BLTN_CAM_Prk_Oprable_Time = BLTN_CAM_Set_PrkTime - BLTN_CAM_Prk_Oped_Time | O16: X | P16: X | Q16: X | R16: 주차녹화 전원_MLBM
A17: BAT_056 | B17: SyR-FR-181,SyR-FR-182,SyR-CON-005,SyR-IF-035 | C17: ▪Requirement-based test | D17: ▪Eqivalence Class Partitioning | E17: [M-LBM Compatible Vehicles] Recording Operation Specifications -2 | F17: When MainLBM_SocVal = input exceeding 30% | G17: ▪ Built-in Cam: Booted successfully ▪ Front/Rear Camera: Recognized by the system ▪ SD Card: Original installed and ready to save ▪ DCM/CCU/CW: Connected and recognized by the system ▪ Vehicle Power: KEY ON ▪ Vehicle Voltage: 12V ▪ Recording Settings: Driving Continuous/Event, Motion/Event Settings ON | H17: 1 | I17: ▪ Motion Recording Settings ON ▪ [LBM_FD_02_100ms] MainLBM_SocVal = 31% Enable ▪ Enable Motion After Key Off | J17: ▪ BLTN_CAM_Prk_Oprable_Time = 120H ▪ BLTN_CAM_RecSta_PMD = 0X1 (ON) ▪ Confirmed normal operation of 120-hour (5-day) motion recording (Maximum 120-hour condition allows for a tolerance of within 5% (6 hours)) | O17: X | P17: X | Q17: O | R17: 주차녹화 전원_MLBM
F18: When MainLBM_SocVal = 30% or less | H18: 2 | I18: ▪ Motion Recording Settings ON ▪ [LBM_FD_02_100ms] MainLBM_SocVal = 30% ▪ Key Off | J18: ▪ BLTN_CAM_Prk_Oprable_Time = 0x0 ▪ BLTN_CAM_RecSta_PMD = 0X0 (OFF) ▪ Motion recording not entered | O18: X | P18: X | Q18: O | R18: 주차녹화 전원_MLBM
A19: BAT_057 | B19: SyR-FR-181,SyR-FR-184,SyR-IF-035 | C19: ▪Requirement-based test | D19: ▪Requirements Analysis | E19: [M-LBM Compatible Vehicles] Recording Operation Specifications -3 | F19: Received MainLBM_SocVal = 0x00 value 1 to 9 times consecutively during parking recording | G19: ▪ Built-in Cam: Booted successfully ▪ Front/Rear Camera: Recognized by the system ▪ SD Card: Original installed and ready to save ▪ DCM/CCU/CW: Connected and recognized by the system ▪ Vehicle Power: KEY ON ▪ Vehicle Voltage: 12V ▪ Recording Settings: Driving Continuous/Event, Parking Continuous/Event Settings ON | H19: 1 | I19: ▪ Enable MainLBM_SocVal = 31% or higher ▪ Turn off Key to enter Parking Recording ▪ While CAN Alive, transmit MainLBM_SocVal = 0X00 message 1 to 9 times at 200ms intervals | J19: ▪ Confirmed normal operation of parking recording | O19: X | P19: X | Q19: X | R19: 주차녹화 전원_MLBM
F20: When MainLBM_SocVal = 0X00 is received 10 times consecutively during parking recording | H20: 2 | I20: ▪ Enable MainLBM_SocVal = 31% or higher ▪ Turn off Key to enter Parking Recording ▪ [LBM_FD_02_100ms] Enable MainLBM_SocVal = 0X00 10 consecutive times (within 2s) | J20: ▪ Terminates parking recording after 10 consecutive authorizations ▪ BLTN_CAM_PrkOp_Termiate_Info = 0x1:Park operation terminated earlier than user set because of Bat. SoC output | O20: X | P20: X | Q20: O | R20: 주차녹화 전원_MLBM
F21: Received MainLBM_SocVal = 0xFF value 1 to 9 times consecutively during parking recording | H21: 3 | I21: ▪ Enable MainLBM_SocVal = 31% or higher ▪ Turn off Key to enter Parking Recording ▪ While CAN Alive, transmit MainLBM_SocVal = 0XFF message 1 to 9 times at 200ms intervals | J21: ▪ Confirmed normal operation of parking recording | O21: X | P21: X | Q21: X | R21: 주차녹화 전원_MLBM
F22: When MainLBM_SocVal = 0XFF is received 10 times consecutively during parking recording | H22: 4 | I22: ▪ Enable MainLBM_SocVal = 31% or higher ▪ Turn off Key to enter Parking Recording ▪ [LBM_FD_02_100ms] Enable MainLBM_SocVal = 0XFF 10 consecutive times (within 2s) | J22: ▪ Terminates parking recording after 10 consecutive authorizations ▪ BLTN_CAM_PrkOp_Termiate_Info = 0x1:Park operation terminated earlier than user set because of Bat. SoC output(30s) | O22: X | P22: X | Q22: O | R22: 주차녹화 전원_MLBM
F23: During parking recording, MainLBM_SocVal = 0x65~0xFE received 1~9 consecutive times | H23: 5 | I23: ▪ Enable MainLBM_SocVal = 31% or higher ▪ Turn off Key to enter Parking Recording ▪ MainLBM_SocVal = Transmit values ​​0X65~0XFE 1~9 times at 200ms intervals | J23: ▪ Parking recording will not stop ▪ Verify normal operation of parking recording | O23: X | P23: X | Q23: X | R23: 주차녹화 전원_MLBM
F24: When MainLBM_SocVal = 0x65~0xFE is received 10 times consecutively during parking recording | H24: 5 | I24: ▪ Enable MainLBM_SocVal = 31% or higher ▪ Turn off Key to enter Parking Recording ▪ Enable MainLBM_SocVal = 0X65~0XFE Invalid value 10 times consecutively (within 2 seconds) | J24: ▪ Terminate Parking Recording ▪ BLTN_CAM_PrkOp_Termiate_Info = 0x1:Park operation terminated earlier than user set because of Bat. SoC Output | O24: X | P24: X | Q24: O | R24: 주차녹화 전원_MLBM
F25: When receiving an SOC value of less than 25% during parking recording | H25: 6 | I25: ▪ Enable MainLBM_SocVal = 31% or higher ▪ Turn off Key to enter Parking Recording ▪ After entering Sleep, enable MainLBM_SocVal = 24% | J25: ▪ Terminate Parking Recording ▪ BLTN_CAM_PrkOp_Termiate_Info = 0x2:Park operation terminated earlier than user set because of Bat. SoC Output | O25: X | P25: X | Q25: O | R25: 주차녹화 전원_MLBM
F26: When receiving 25% SOC value during parking recording | H26: 7 | I26: ▪ Enable MainLBM_SocVal = 31% or higher ▪ Turn off Key to enter Parking Recording ▪ After entering Sleep, enable MainLBM_SocVal = 25% | J26: ▪ Parking recording will not stop ▪ Verify normal operation of parking recording | O26: X | P26: X | Q26: O | R26: 주차녹화 전원_MLBM
A27: BAT_058 | B27: SyR-FR-181,SyR-FR-184,SyR-IF-035 | C27: ▪Requirement-based test | D27: ▪Requirements Analysis | E27: [M-LBM Compatible Vehicles] Recording Operation Specifications -4 | F27: Received MainLBM_SocVal = 0x00 value 1 to 9 times consecutively during motion recording | G27: ▪ Built-in Cam: Booted successfully ▪ Front/Rear Camera: Recognized by the system ▪ SD Card: Original installed and ready to save ▪ DCM/CCU/CW: Connected and recognized by the system ▪ Vehicle Power: KEY ON ▪ Vehicle Voltage: 12V ▪ Recording Settings: Driving Continuous/Event, Parking Continuous/Event Settings ON | H27: 1 | I27: ▪ Enable MainLBM_SocVal = 31% or higher ▪ Turn off Key to enter motion recording ▪ While CAN Alive, send MainLBM_SocVal = 0X00 message 1 to 9 times at 200ms intervals | J27: ▪ Verify normal operation of motion recording | O27: X | P27: X | Q27: X | R27: 주차녹화 전원_MLBM
F28: When MainLBM_SocVal = 0X00 is received 10 times consecutively during motion recording | H28: 2 | I28: ▪ Enable MainLBM_SocVal = 31% or higher ▪ Turn off Key to enter motion recording ▪ [LBM_FD_02_100ms] Enable MainLBM_SocVal = 0X00 10 consecutive times (within 2s) | J28: ▪ Terminate motion recording after 10 consecutive authorizations ▪ BLTN_CAM_PrkOp_Termiate_Info = 0x6:Park operation terminate on time which user set | O28: X | P28: X | Q28: O | R28: 주차녹화 전원_MLBM
F29: Receive MainLBM_SocVal = 0xFF value 1 to 9 times consecutively during motion recording | H29: 3 | I29: ▪ Enable MainLBM_SocVal = 31% or higher ▪ Turn off Key to enter motion recording ▪ While CAN Alive, send MainLBM_SocVal = 0XFF message 1 to 9 times at 200ms intervals | J29: ▪ Verify normal operation of motion recording | O29: X | P29: X | Q29: X | R29: 주차녹화 전원_MLBM
F30: When MainLBM_SocVal = 0XFF is received 10 times consecutively during motion recording | H30: 4 | I30: ▪ Enable MainLBM_SocVal = 31% or higher ▪ Enter motion recording by turning off the key ▪ [LBM_FD_02_100ms] Enable MainLBM_SocVal = 0XFF 10 consecutive times (within 2s) | J30: ▪ Terminate motion recording after 10 consecutive authorizations ▪ BLTN_CAM_PrkOp_Termiate_Info = 0x6:Park operation terminate on time which user set | O30: X | P30: X | Q30: O | R30: 주차녹화 전원_MLBM
F31: During motion recording, MainLBM_SocVal = 0x65~0xFE receives 1~9 consecutive times | H31: 5 | I31: ▪ Enable MainLBM_SocVal = 31% or higher ▪ Turn off Key to enter motion recording ▪ MainLBM_SocVal = Transmit values ​​0X65~0XFE 1~9 times at 200ms intervals | J31: ▪ End Motion Recording ▪ BLTN_CAM_PrkOp_Termiate_Info = 0x6:Park operation terminate on time which user set | O31: X | P31: X | Q31: X | R31: 주차녹화 전원_MLBM
F32: When MainLBM_SocVal = 0x65~0xFE is received 10 times consecutively during motion recording | H32: 5 | I32: ▪ Enable MainLBM_SocVal = 31% or higher ▪ Turn off Key to enter motion recording ▪ Enable MainLBM_SocVal = 0X65~0XFE Invalid value 10 times consecutively (within 2 seconds) | J32: ▪ End Motion Recording ▪ BLTN_CAM_PrkOp_Termiate_Info = 0x6:Park operation terminate on time which user set | O32: X | P32: X | Q32: O | R32: 주차녹화 전원_MLBM
F33: When receiving an SOC value of less than 25% during motion recording | H33: 6 | I33: ▪ Enable MainLBM_SocVal = 31% or higher ▪ Turn off Key to enter motion recording ▪ After entering Sleep, enable MainLBM_SocVal = 24% | J33: ▪ End Motion Recording ▪ BLTN_CAM_PrkOp_Termiate_Info = 0x6:Park operation terminate on time which user set | O33: X | P33: X | Q33: O | R33: 주차녹화 전원_MLBM
F34: When receiving 25% SOC value during motion recording | H34: 7 | I34: ▪ Enable MainLBM_SocVal = 31% or higher ▪ Turn off Key to enter motion recording ▪ After entering Sleep, enable MainLBM_SocVal = 25% | J34: ▪ Recording will not stop ▪ Verify normal operation of motion recording | O34: X | P34: X | Q34: O | R34: 주차녹화 전원_MLBM

Sheet 모바일 앱 연동기능
A1: {="APP_"&TEXT(MAX(IFERROR(--MID($A$2:$A$4976,5,3),0)),"000")} -> APP_013 | F1: English Translation | H1: English Translation | J1: English Translation | M1: English Translation | O1: English Translation
A2: ID | B2: SyR ID | C2: Test method | D2: TC design method | E2: Verification Item | G2: Description | I2: Precondition | K2: Step | L2: Test procedure | N2: Expect Result | P2: Result | Q2: Measure Value | R2: Remarks | T2: Manual (Basic) | U2: Automation (Basic) | V2: Automation Applied | W2: Specification Category
A3: APP_001 | B3: SyR-FR-190,SyR-IF-052 | C3: ▪Requirement-based test | D3: ▪Requirements Analysis | E3: [WiFi 설정 초기 상태 - 비밀번호 미설정] | G3: wifi 설정 초기 상태 : Connect 사양(CS/CW) ※ Conncect 사양 BLTN_CAM_WiFi_State = 0x3 신호 미사용 | I3: ▪ 빌트인캠: 정상 부팅 완료 상태 ▪ 전방/후방 카메라: 시스템 정상 인식 상태 ▪ SD카드: 정품 장착 및 저장 가능 상태 ▪ DCM/CCU/CW: 시스템 정상 연결 및 인식 상태 ▪ 차량 전원: KEY ON ▪ 차량 전압: 12V | K3: 1 | L3: ▪ ICU_PowerAutoCutModSta = factory mode → customer mode | N3: ▪ Wifi 설정 - Off ▪ BLTN_CAM_WiFi_State = 0x0: Off | T3: O | U3: X | V3: X
A4: APP_002 | B4: SyR-FR-190,SyR-IF-052,SyR-FR-078,SyR-IF-053 | C4: ▪Requirement-based test | D4: ▪Requirements Analysis | E4: [WiFi 연결상태 시그널] | G4: 빌트인캠 WiFi 설정 OFF 상태 | I4: ▪ 빌트인캠: 정상 부팅 완료 상태 ▪ 전방/후방 카메라: 시스템 정상 인식 상태 ▪ SD카드: 정품 장착 및 저장 가능 상태 ▪ DCM/CCU/CW: 시스템 정상 연결 및 인식 상태 ▪ 차량 전원: KEY ON ▪ 차량 전압: 12V | K4: 1 | L4: ▪ 0x0: 와이파이 Off | N4: ▪ BLTN_CAM_WiFi_State = 0x0 : Off | T4: O | U4: X | V4: X
G5: 빌트인캠 WiFi 비밀번호 설정 완료, WiFi 설정 ON 상태 | K5: 2 | L5: ▪ 0x1: 와이파이 On, 연결준비 되었음 | N5: ▪ BLTN_CAM_WiFi_State = 0x01 : On, Ready to Connect Mobile Phone | T5: O | U5: X | V5: X
G6: 빌트인캠 WiFi 스마트폰 앱 연결상태 | K6: 3 | L6: ▪ 0x2: 와이파이 On, 연결됨 | N6: ▪ BLTN_CAM_WiFi_State = 0x02 : On, Mobile Phone Connected | T6: O | U6: X | V6: X
G7: 빌트인캠 WiFi 비밀번호 미설정, WiFi 설정 OFF 상태 ※ Conncect 사양 BLTN_CAM_WiFi_State = 0x3 신호 미사용 | K7: 4 | L7: ▪ 0x3: 와이파이 Off, 비밀번호 미설정 | N7: ▪ BLTN_CAM_WiFi_State = 0x3: Off - Password is not Set | T7: X | U7: X | V7: X
A8: APP_003 | B8: SyR-FR-188,SyR-FR-189,SyR-FR-192,SyR-CON-051,SyR-FR-193,SyR-FR-194,SyR-NFR-045,SyR-CON-050,SyR-IF-053 | C8: ▪Test of interaction/communication | D8: ▪Requirements Analysis ▪Interface Analysis | E8: [휴대폰 연결] (1) : 연결하기 | G8: 연결확인 | I8: ▪ 빌트인캠: 정상 부팅 완료 상태 ▪ 전방/후방 카메라: 시스템 정상 인식 상태 ▪ SD카드: 정품 장착 및 저장 가능 상태 ▪ DCM/CCU/CW: 시스템 정상 연결 및 인식 상태 ▪ 차량 전원: KEY ON ▪ 차량 전압: 12V | K8: 1 | L8: ▪ 설정 - WiFi 연결 페이지에서 SID 확인 ▪ Wi-Fi 연결 | N8: ▪ SID 정상 표시 됨 ex) [CN7]80-F3-D8-90-13-32 ▪ WiFi 연결을 통한 BLTN_CAM [App] 연결 성공 | T8: X | U8: X | V8: X
G9: B+ 리셋 후 WiFi 모듈 정상 인식 상태 반복 확인 | K9: 2 | L9: ▪ B+ 리셋 ▪ 설정 - WiFi 연결 페이지에서 SID 확인(10회 반복 확인) | N9: ▪ SID 정상 표시 됨 | T9: X | U9: X | V9: X
G10: KEY 리셋 후 WiFi 모듈 정상 인식 상태 반복 확인 | K10: 3 | L10: ▪ ACC & IGN OFF, ON ▪ 설정 - WiFi 연결 페이지에서 SID 확인(10회 반복 확인) | N10: ▪ SID 정상 표시 됨 | T10: X | U10: X | V10: X
G11: 빌트인캠 모드 진출입 후 WiFi 모듈 정상 인식 상태 반복 확인 | K11: 4 | L11: ▪ 빌트인캠 모드 진입 ▪ 설정 - WiFi 연결 페이지에서 SID 확인 ▪ 빌트인캠 모드 이탈(10회 반복 확인) | N11: c | T11: X | U11: X | V11: X
G12: BLTN_CAM 메인화면에서 [App] 연결 시도 | K12: 5 | L12: ▪ BLTN_CAM 모드 초기화면 진입상태 ▪ [App] 제네시스 어플 실행 후 연결 아이콘 터치 - 연결 시도 | N12: ▪ BLTN_CAM [App] 연결 불가할 것 | T12: X | U12: X | V12: X
G13: [App] WiFi 연결상태 확인 | K13: 6 | L13: ▪ [App] 제네시스 어플 실행 : 설정 탭 선택 | N13: ▪ [App] WiFi 연결 중 출력 | T13: X | U13: X | V13: X
A14: APP_004 | B14: SyR-FR-194,,SyR-FR-195 | C14: ▪Test of interaction/communication | D14: ▪Requirements Analysis ▪Interface Analysis | E14: [휴대폰 연결] (2) : 연결불가 | G14: BLTN_CAM에서 연결취소 | I14: ▪ 빌트인캠: 정상 부팅 완료 상태 ▪ 전방/후방 카메라: 시스템 정상 인식 상태 ▪ SD카드: 정품 장착 및 저장 가능 상태 ▪ DCM/CCU/CW: 시스템 정상 연결 및 인식 상태 ▪ 차량 전원: KEY ON ▪ 차량 전압: 12V | K14: 1 | L14: ▪ BLTN_CAM 와 WiFi 연결 상태 - BLTN_CAM 에서 [Wi-FI 활성화] 끄기 - 스마트폰에서도 연결이 해제되는지 확인 | N14: ▪ 연결 해제 | T14: X | U14: X | V14: X
G15: [App]에서 연결취소 | K15: 2 | L15: ▪ BLTN_CAM 와 WiFi 연결 상태 - [App]에서 [연결취소] 선택 - BLTN_CAM에서도 연결이 해제되는지 확인 | N15: ▪ 연결 해제 | T15: X | U15: X | V15: X
G16: 첫번째 폰에서 연동 상태에서 다른 폰으로 연결 시도 | K16: 3 | L16: ▪ 첫번째 폰에서 BLTN_CAM WiFi 연동 상태 ▪ 두번째 폰에서 BLTN_CAM WiFi 연결 시도 | N16: ▪ 두번째 폰에서 연결 시도시 WiFi 연결 불가능 할 것 | T16: X | U16: X | V16: X
G17: 2개 폰에서 동시에 연결 시도 | K17: 4 | L17: ▪ 두 개의 폰에서 BLTN_CAM WiFi 동시 연결 시도 | N17: ▪ 하나의 폰에서만 WiFi 연결 될 것 | T17: X | U17: X | V17: X
G18: 첫번째 폰에서 연동 종료 후 다른 폰에서 연결 시도 | K18: 5 | L18: ▪ 첫번째 폰에서 BLTN_CAM WiFi 연동 상태 ▪ WiFi 해제 후 연동 종료 ▪ 두번째 폰에서 BLTN_CAM WiFi 연동 시도 | N18: ▪ 두번째 폰에서 연결 시도시 WiFi 정상 연동될 것 | T18: X | U18: X | V18: X
A19: APP_005 | B19: SyR-FR-195,SyR-CON-049 | C19: ▪Test of interaction/communication | D19: ▪Requirements Analysis ▪Interface Analysis | E19: [연결 중 강제종료] (2) : 차량조작 | G19: 연동중 Key Off | I19: ▪ 빌트인캠: 정상 부팅 완료 상태 ▪ 전방/후방 카메라: 시스템 정상 인식 상태 ▪ SD카드: 정품 장착 및 저장 가능 상태 ▪ DCM/CCU/CW: 시스템 정상 연결 및 인식 상태 ▪ 차량 전원: KEY ON ▪ 차량 전압: 12V | K19: 1 | L19: ▪ 스마트폰 연동 상태 ▪ IGN-> B+ | N19: ▪ [CAN] NM_BLTN_CAM - NMSleepFlag_BLTN_CAM = 0x01(SleepInd) ▪ [App] 빌트인 캠의 연결 상태를 확인해주세요. 알림 생성되며 연결 해제될 것 | T19: X | U19: X | V19: X
G20: 연동중 홈화면 천이 | K20: 2 | L20: ▪ 스마트폰 연동 상태 ▪ [CAN] H_U HU_BLTN_CAM_E_00 - HU_Display = 0x00(AVN mode) | N20: ▪ [CAN] H_U HU_BLTN_CAM_E_00 - BLTN_CAM_Display = 0x00(AVN mode) ▪ [App] 빌트인 캠의 연결 상태를 확인해주세요. 알림 생성되며 연결 해제될 것 | T20: X | U20: X | V20: X
G21: 연동중 AVN 물리키 사용 | K21: 3 | L21: ▪ 스마트폰 연동 상태 ▪ AVN 물리키 입력 | N21: ▪ [App] 빌트인 캠의 연결 상태를 확인해주세요. 알림 생성되며 연결 해제 될 것 | T21: X | U21: X | V21: X
A22: APP_006 | B22: SyR-FR-187 | C22: ▪Test of interaction/communication | D22: ▪Requirements Analysis ▪Interface Analysis | E22: [영상목록] (1) : 영상목록 불러오기 | G22: [App] SD카드 탈거 상태에서 녹화 목록 : [개발단계 과거 이슈], #23380 | I22: ▪ 빌트인캠: 정상 부팅 완료 상태 ▪ 전방/후방 카메라: 시스템 정상 인식 상태 ▪ SD카드: 정품 장착 및 저장 가능 상태 ▪ DCM/CCU/CW: 시스템 정상 연결 및 인식 상태 ▪ 차량 전원: KEY ON ▪ 차량 전압: 12V | K22: 1 | L22: ▪ SD카드 탈거 ▪ [App] 앱 실행 후 BLTN_CAM와 연결 : 초기화면 최근 이벤트영상 확인 : 주행 중 상시 녹화목록 확인 : 주행 중 이벤트 녹화목록 확인 : 주차 중 상시 녹화목록 확인 : 주차 중 이벤트 녹화목록 확인 : 주차 중 모션 녹화목록 확인 : 타임랩스 녹화목록 확인 : 보관함 항목 확인 | N22: ▪ [App] 영상 리스트 없을 것 | T22: X | U22: X | V22: X
G23: [App] 초기화면 최근 이벤트 영상목록 | K23: 2 | L23: ▪ [App] 앱 실행 후 BLTN_CAM와 연결 : 초기화면 최근 이벤트영상 확인 | N23: ▪ [App] 신규발생 이벤트 영상목록 출력 ▪ 저장된 영상과 앱에 표시되는 영상 간 OSD 일치 여부 확인 | T23: X | U23: X | V23: X
G24: [App] 주행 중 상시 녹화목록 | K24: 3 | L24: ▪ [App] 블루링크/기아커넥트 어플 실행 - 녹화영상 탭 선택 - 주행중 상시 항목 이동 | N24: ▪ [App] 확인 주행중 상시 영상 리스트 확인 가능할 것 - BLTN_CAM에 저장된 영상과 일치 ▪ 저장된 영상과 앱에 표시되는 영상 간 OSD 일치 여부 확인 | T24: O | U24: X | V24: X
G25: [App] 주행 중 이벤트 녹화목록 | K25: 4 | L25: ▪ [App] 블루링크/기아커넥트 어플 실행 - 녹화영상 탭 선택 - 주행중 이벤트 항목 이동 | N25: ▪ [App] 확인 주행중 이벤트 영상 리스트 확인 가능할 것 - BLTN_CAM에 저장된 영상과 일치 ▪ 저장된 영상과 앱에 표시되는 영상 간 OSD 일치 여부 확인 | T25: X | U25: X | V25: X
G26: [App] 주차 중 상시 녹화목록 | K26: 5 | L26: ▪ [App] 블루링크/기아커넥트 어플 실행 - 녹화영상 탭 선택 - 주차중 상시 항목 이동 | N26: ▪ [App] 확인 주차중 상시 영상 리스트 확인 가능할 것 - BLTN_CAM에 저장된 영상과 일치 ▪ 저장된 영상과 앱에 표시되는 영상 간 OSD 일치 여부 확인 | T26: X | U26: X | V26: X | W26: 주차녹화_지원
G27: [App] 주차 중 이벤트 녹화목록 | K27: 6 | L27: ▪ [App] 블루링크/기아커넥트 어플 실행 - 녹화영상 탭 선택 - 주차중 이벤트 항목 이동 | N27: ▪ [App] 확인 주차중 이벤트 영상 리스트 확인 가능할 것 - BLTN_CAM에 저장된 영상과 일치 ▪ 저장된 영상과 앱에 표시되는 영상 간 OSD 일치 여부 확인 | T27: X | U27: X | V27: X | W27: 주차녹화_지원
G28: [App] 주차 중 모션 녹화 목록 | K28: 7 | L28: ▪ [App] 원앱 어플 실행 - 녹화영상 탭 선택 - 주차중 이벤트 항목 이동 ※ 원앱(현대 개발) 개발 진행 중 | N28: ▪ [App] 확인 주차중 이벤트 영상 리스트 확인 가능할 것 - BLTN_CAM에 저장된 영상과 일치 ▪ 저장된 영상과 앱에 표시되는 영상 간 OSD 일치 여부 확인 | T28: X | U28: X | V28: X | W28: 모션감지_지원
G29: [App] 타임랩스 녹화목록 | K29: 8 | L29: ▪ [App] 블루링크/기아커넥트 어플 실행 - 녹화영상 탭 선택 - 타임랩스 항목 이동 | N29: ▪ [App] 확인 타임랩스 영상 리스트 확인 가능할 것 - BLTN_CAM에 저장된 영상과 일치 ▪ 저장된 영상과 앱에 표시되는 영상 간 OSD 일치 여부 확인 | T29: X | U29: X | V29: X
G30: [App] 보관함 영상목록 | K30: 9 | L30: ▪ [App] 블루링크/기아커넥트 어플 실행 - 녹화영상 탭 선택 - 보관함 항목 이동 | N30: ▪ [App] 확인 보관함 영상 리스트 확인 가능할 것 - BLTN_CAM에 저장된 영상과 일치 ▪ 저장된 영상과 앱에 표시되는 영상 간 OSD 일치 여부 확인 | T30: X | U30: X | V30: X
A31: APP_007 | B31: SyR-FR-187,SyR-NFR-044 | C31: ▪Test of interaction/communication | D31: ▪Requirements Analysis ▪Interface Analysis | E31: [영상목록] (2) : BLTN_CAM에서 영상삭제 | G31: 초기화면 최근 이벤트 영상목록 | I31: ▪ 빌트인캠: 정상 부팅 완료 상태 ▪ 전방/후방 카메라: 시스템 정상 인식 상태 ▪ SD카드: 정품 장착 및 저장 가능 상태 ▪ DCM/CCU/CW: 시스템 정상 연결 및 인식 상태 ▪ 차량 전원: KEY ON ▪ 차량 전압: 12V | K31: 1 | L31: ▪ [BLTN_CAM] 녹화영상 탭 선택 - 주행/주차 이벤트 영상목록 이동 - 임의의 영상 삭제 ▪ [App] 블루링크/기아커넥트 어플 실행 : 초기화면 최근 이벤트영상 확인 | N31: ▪ [App] 확인 주행중 상시 영상 리스트 확인 가능할 것 - BLTN_CAM에 저장된 영상과 일치(삭제한 영상이 목록에 남아있지 않음) | T31: X | U31: X | V31: X
G32: 주행 중 상시 녹화목록 | K32: 2 | L32: ▪ [BLTN_CAM] 녹화영상 탭 선택 - 주행중 상시 항목 이동 - 임의의 영상 삭제 ▪ [App] 블루링크/기아커넥트 어플 실행 - 녹화영상 탭 선택 - 주행중 상시 항목 이동 | N32: ▪ [App] 확인 주행중 상시 영상 리스트 확인 가능할 것 - BLTN_CAM에 저장된 영상과 일치(삭제한 영상이 목록에 남아있지 않음) | T32: X | U32: X | V32: X
G33: 주행 중 이벤트 녹화목록 | K33: 3 | L33: ▪ [BLTN_CAM] 녹화영상 탭 선택 - 주행중 이벤트 항목 이동 - 임의의 영상 삭제 ▪ [App] 블루링크/기아커넥트 어플 실행 - 녹화영상 탭 선택 - 주행중 이벤트 항목 이동 | N33: ▪ [App] 확인 주행중 이벤트 영상 리스트 확인 가능할 것 - BLTN_CAM에 저장된 영상과 일치(삭제한 영상이 목록에 남아있지 않음) | T33: X | U33: X | V33: X
G34: 주차 중 상시 녹화목록 | K34: 4 | L34: ▪ [BLTN_CAM] 녹화영상 탭 선택 - 주차중 상시 항목 이동 - 임의의 영상 삭제 ▪ [App] 블루링크/기아커넥트 어플 실행 - 녹화영상 탭 선택 - 주차중 상시 항목 이동 | N34: ▪ [App] 확인 주차중 상시 영상 리스트 확인 가능할 것 - BLTN_CAM에 저장된 영상과 일치(삭제한 영상이 목록에 남아있지 않음) | T34: X | U34: X | V34: X | W34: 주차녹화_지원
G35: 주차 중 이벤트 녹화목록 | K35: 5 | L35: ▪ [BLTN_CAM] 녹화영상 탭 선택 - 주차중 이벤트 항목 이동 - 임의의 영상 삭제 ▪ [App] 블루링크/기아커넥트 어플 실행 - 녹화영상 탭 선택 - 주차중 이벤트 항목 이동 | N35: ▪ [App] 확인 주차중 이벤트 영상 리스트 확인 가능할 것 - BLTN_CAM에 저장된 영상과 일치(삭제한 영상이 목록에 남아있지 않음) | T35: X | U35: X | V35: X | W35: 주차녹화_지원
G36: 주차 중 모션 녹화 목록 | K36: 6 | L36: ▪ [BLTN_CAM] 녹화영상 탭 선택 - 주차중 모션 녹화 목록 이동 - 임의의 영상 삭제 ▪ [App] 블루링크/기아커넥트 어플 실행 - 녹화영상 탭 선택 - 주차중 이벤트 항목 이동 ※ 원앱(현대 개발) 개발 진행 중 | N36: ▪ [App] 확인 주차 중 모션 녹화 목록 영상 리스트 확인 가능 할 것 - BLTN_CAM에 저장된 영상과 일치(삭제한 영상이 목록에 남아있지 않음) | T36: X | U36: X | V36: X | W36: 모션감지_지원
G37: 타임랩스 녹화목록 | K37: 7 | L37: ▪ [BLTN_CAM] 녹화영상 탭 선택 - 타임랩스 항목 이동 - 임의의 영상 삭제 ▪ [App] 블루링크/기아커넥트 어플 실행 - 녹화영상 탭 선택 - 타임랩스 항목 이동 | N37: ▪ [App] 확인 타임랩스 영상 리스트 확인 가능할 것 - BLTN_CAM에 저장된 영상과 일치(삭제한 영상이 목록에 남아있지 않음) | T37: X | U37: X | V37: X
G38: 보관함 영상목록 | K38: 8 | L38: ▪ [BLTN_CAM] 녹화영상 탭 선택 - 보관함 항목 이동 - 임의의 영상 삭제 ▪ [App] 블루링크/기아커넥트 어플 실행 - 녹화영상 탭 선택 - 보관함 항목 이동 | N38: ▪ [App] 확인 보관함 영상 리스트 확인 가능할 것 - BLTN_CAM에 저장된 영상과 일치(삭제한 영상이 목록에 남아있지 않음) | T38: X | U38: X | V38: X
A39: APP_008 | B39: SyR-FR-187,SyR-NFR-044 | C39: ▪Test of interaction/communication | D39: ▪Requirements Analysis ▪Interface Analysis | E39: [휴대폰 다운로드] (1) : 1개선택 | G39: 주행 중 이벤트 영상 다운로드 | I39: ▪ 빌트인캠: 정상 부팅 완료 상태 ▪ 전방/후방 카메라: 시스템 정상 인식 상태 ▪ SD카드: 정품 장착 및 저장 가능 상태 ▪ DCM/CCU/CW: 시스템 정상 연결 및 인식 상태 ▪ 차량 전원: KEY ON ▪ 차량 전압: 12V | K39: 1 | L39: ▪ [App] 블루링크/기아커넥트 어플 실행 후 연동 : 녹화영상 탭 선택 - 주행중 이벤트 영상 리스트 - 메뉴 - 선택 영상 내폰에 다운로드 - 1개 선택 후 다운로드 | N39: ▪ [App] 파일 저장 중 프로그래스바, 진행도(%, Byte) 정상출력 ▪ 완료 후 휴대폰에서 재생가능. | T39: X | U39: X | V39: X
G40: 주차 중 상시영상 다운로드 | K40: 2 | L40: ▪ [App] 블루링크/기아커넥트 어플 실행 : 녹화영상 탭 선택 - 주차중 상시 영상 리스트 - 메뉴 - 선택 영상 내폰에 다운로드 - 1개 선택 후 다운로드 | N40: ▪ [App] 파일 저장 중 프로그래스바, 진행도(%, Byte) 정상출력 ▪ 완료 후 휴대폰에서 재생가능. | T40: X | U40: X | V40: X
G41: 주차 중 이벤트 영상 다운로드 | K41: 3 | L41: ▪ [App] 블루링크/기아커넥트 어플 실행 : 녹화영상 탭 선택 - 주차중 이벤트 영상 리스트 - 메뉴 - 선택 영상 내폰에 다운로드 - 1개 선택 후 다운로드 | N41: ▪ [App] 파일 저장 중 프로그래스바, 진행도(%, Byte) 정상출력 ▪ 완료 후 휴대폰에서 재생가능. | T41: X | U41: X | V41: X
G42: 주차 중 모션 영상 다운로드 | K42: 4 | L42: ▪ [App] 원앱 어플 실행 : 녹화영상 탭 선택 - 주차중 모션 영상 리스트 - 메뉴 - 선택 영상 내폰에 다운로드 - 1개 선택 후 다운로드 ※ 원앱(현대 개발) 개발 진행 중 | N42: ▪ [App] 파일 저장 중 프로그래스바, 진행도(%, Byte) 정상출력 ▪ 완료 후 휴대폰에서 재생가능. | T42: X | U42: X | V42: X
G43: 보관함 영상 다운로드 | K43: 5 | L43: ▪ [App] 블루링크/기아커넥트 어플 실행 : 녹화영상 탭 선택 - 보관함 영상 리스트 - 메뉴 - 선택 영상 내폰에 다운로드 - 1개 선택 후 다운로드 | N43: ▪ [App] 파일 저장 중 프로그래스바, 진행도(%, Byte) 정상출력 ▪ 완료 후 휴대폰에서 재생가능. | T43: X | U43: X | V43: X
G44: 원본파일 없이 보관함에만 있는 영상 다운로드 | K44: 6 | L44: ▪ BLTN_CAM에서 임의영상 보관함에 저장 후 원본파일 삭제 ▪ [App] 블루링크/기아커넥트 어플 실행 : 녹화영상 탭 선택 - 보관함 영상 리스트 - 메뉴 - 선택 영상 내폰에 다운로드 - 전체 선택 후 내폰에 다운로드 | N44: ▪ [App] 파일 저장 중 프로그래스바, 진행도(%, Byte) 정상출력 ▪ 완료 후 휴대폰에서 재생가능. | T44: X | U44: X | V44: X
G45: 타임랩스 영상 다운로드 | K45: 7 | L45: ▪ [App] 블루링크/기아커넥트 어플 실행 : 녹화영상 탭 선택 - 타임랩스 영상 리스트 - 메뉴 - 선택 영상 내폰에 다운로드 - 1개 선택 후 다운로드 | N45: ▪ [App] 파일 저장 중 프로그래스바, 진행도(%, Byte) 정상출력 ▪ 완료 후 휴대폰에서 재생가능. | T45: X | U45: X | V45: X
A46: APP_009 | B46: SyR-FR-187,SyR-NFR-044 | C46: ▪Test of interaction/communication | D46: ▪Requirements Analysis ▪Interface Analysis | E46: [휴대폰 다운로드] (2) : 전체선택 | G46: 주행 중 이벤트 영상 다운로드 | I46: ▪ 빌트인캠: 정상 부팅 완료 상태 ▪ 전방/후방 카메라: 시스템 정상 인식 상태 ▪ SD카드: 정품 장착 및 저장 가능 상태 ▪ DCM/CCU/CW: 시스템 정상 연결 및 인식 상태 ▪ 차량 전원: KEY ON ▪ 차량 전압: 12V | K46: 1 | L46: ▪ [App] 블루링크/기아커넥트 어플 실행 후 연동 : 녹화영상 탭 선택 - 주행중 이벤트 영상 리스트 - 메뉴 - 선택 영상 내폰에 다운로드 - 전체 선택 후 내폰에 다운로드 | N46: ▪ [App] 파일 저장 중 프로그래스바, 진행도(%, Byte) 정상출력 ▪ 완료 후 휴대폰에서 재생가능. | T46: X | U46: X | V46: X
G47: 주차 중 상시영상 다운로드 | K47: 2 | L47: ▪ [App] 블루링크/기아커넥트 어플 실행 : 녹화영상 탭 선택 - 주차중 상시 영상 리스트 - 메뉴 - 선택 영상 내폰에 다운로드 - 전체 선택 후 내폰에 다운로드 | N47: ▪ [App] 파일 저장 중 프로그래스바, 진행도(%, Byte) 정상출력 ▪ 완료 후 휴대폰에서 재생가능. | T47: X | U47: X | V47: X
G48: 주차 중 이벤트 영상 다운로드 | K48: 3 | L48: ▪ [App] 블루링크/기아커넥트 어플 실행 : 녹화영상 탭 선택 - 주차중 이벤트 영상 리스트 - 메뉴 - 선택 영상 내폰에 다운로드 - 전체 선택 후 내폰에 다운로드 | N48: ▪ [App] 파일 저장 중 프로그래스바, 진행도(%, Byte) 정상출력 ▪ 완료 후 휴대폰에서 재생가능. | T48: X | U48: X | V48: X
G49: 주차 중 모션 영상 다운로드 | K49: 4 | L49: ▪ [App] 원앱 어플 실행 : 녹화영상 탭 선택 - 주차 중 모션 영상 리스트 - 메뉴 - 선택 영상 내폰에 다운로드 - 전체 선택 후 내폰에 다운로드 ※ 원앱(현대 개발) 개발 진행 중 | N49: ▪ [App] 파일 저장 중 프로그래스바, 진행도(%, Byte) 정상출력 ▪ 완료 후 휴대폰에서 재생가능. | T49: X | U49: X | V49: X | W49: 모션감지_지원
G50: 보관함 영상 다운로드 | K50: 5 | L50: ▪ [App] 블루링크/기아커넥트 어플 실행 : 녹화영상 탭 선택 - 보관함 영상 리스트 - 메뉴 - 선택 영상 내폰에 다운로드 - 전체 선택 후 내폰에 다운로드 | N50: ▪ [App] 파일 저장 중 프로그래스바, 진행도(%, Byte) 정상출력 ▪ 완료 후 휴대폰에서 재생가능. | T50: X | U50: X | V50: X
G51: 타임랩스 영상 다운로드 | K51: 6 | L51: ▪ [App] 블루링크/기아커넥트 어플 실행 : 녹화영상 탭 선택 - 타임랩스 영상 리스트 - 메뉴 - 선택 영상 내폰에 다운로드 - 전체 선택 후 내폰에 다운로드 | N51: ▪ [App] 파일 저장 중 프로그래스바, 진행도(%, Byte) 정상출력 ▪ 완료 후 휴대폰에서 재생가능. | T51: X | U51: X | V51: X
A52: APP_010 | B52: SyR-FR-187 | C52: ▪Test of interaction/communication | D52: ▪Requirements Analysis ▪Interface Analysis | E52: [휴대폰 영상재생] (1) : 전/후방 전환 및 재생 | G52: 주행 중 상시 영상 | I52: ▪ 빌트인캠: 정상 부팅 완료 상태 ▪ 전방/후방 카메라: 시스템 정상 인식 상태 ▪ SD카드: 정품 장착 및 저장 가능 상태 ▪ DCM/CCU/CW: 시스템 정상 연결 및 인식 상태 ▪ 차량 전원: KEY ON ▪ 차량 전압: 12V | K52: 1 | L52: ▪ [App] 블루링크/기아커넥트 어플 실행 : 녹화영상 탭 선택 - 주행중 상시 영상 리스트 - 전/후방 전환버튼 - 전방 영상 재생 | N52: ▪ [App] 확인 : 주행중 상시 전방 영상 재생됨 | T52: O | U52: X | V52: X
K53: 2 | L53: ▪ [App] 블루링크/기아커넥트 어플 실행 : 녹화영상 탭 선택 - 주행중 상시 영상 리스트 - 전/후방 전환버튼 - 후방 영상 재생 | N53: ▪ [App] 확인 : 주행중 상시 후방 영상 재생됨 | T53: O | U53: X | V53: X
G54: 주행 중 이벤트 영상 | K54: 3 | L54: ▪ [App] 블루링크/기아커넥트 어플 실행 : 녹화영상 탭 선택 - 주행중 이벤트 영상 리스트 - 전/후방 전환버튼 - 전방 영상 재생 | N54: ▪ [App] 확인 : 주행중 이벤트 전방 영상 재생됨 | T54: X | U54: X | V54: X | W54: 주차녹화_지원
K55: 4 | L55: ▪ [App] 블루링크/기아커넥트 어플 실행 : 녹화영상 탭 선택 - 주행중 이벤트 영상 리스트 - 전/후방 전환버튼 - 후방 영상 재생 | N55: ▪ [App] 확인 : 주행중 이벤트 후방 영상 재생됨 | T55: X | U55: X | V55: X | W55: 주차녹화_지원
G56: 주차 중 상시영상 | K56: 5 | L56: ▪ [App] 블루링크/기아커넥트 어플 실행 : 녹화영상 탭 선택 - 주차중 상시 영상 리스트 - 전/후방 전환버튼 - 전방 영상 재생 | N56: ▪ [App] 확인 : 주차중 상시 전방 영상 재생됨 | T56: X | U56: X | V56: X
K57: 6 | L57: ▪ [App] 블루링크/기아커넥트 어플 실행 : 녹화영상 탭 선택 - 주차중 상시 영상 리스트 - 전/후방 전환버튼 - 후방 영상 재생 | N57: ▪ [App] 확인 : 주차중 상시 후방 영상 재생됨 | T57: X | U57: X | V57: X
G58: 주차 중 이벤트 영상 | K58: 7 | L58: ▪ [App] 블루링크/기아커넥트 어플 실행 : 녹화영상 탭 선택 - 주차중 이벤트 영상 리스트 - 전/후방 전환버튼 - 전방 영상 재생 | N58: ▪ [App] 확인 : 주차중 이벤트 전방 영상 재생됨 | T58: X | U58: X | V58: X | W58: 주차녹화_지원
K59: 8 | L59: ▪ [App] 블루링크/기아커넥트 어플 실행 : 녹화영상 탭 선택 - 주차중 이벤트 영상 리스트 - 전/후방 전환버튼 - 후방 영상 재생 | N59: ▪ [App] 확인 : 주차중 이벤트 후방 영상 재생됨 | T59: X | U59: X | V59: X | W59: 주차녹화_지원
G60: 주차 중 모션 영상 | K60: 9 | L60: ▪ [App] 원앱 어플 실행 : 녹화영상 탭 선택 - 주차중 모션 영상 리스트 - 전/후방 전환버튼 - 후방 영상 재생 ※ 원앱(현대 개발) 개발 진행 중 | N60: ▪ [App] 확인 : 주차중 모션 후방 영상 재생됨 | T60: X | U60: X | V60: X | W60: 모션감지_지원
G61: 타임랩스 영상 | K61: 10 | L61: ▪ [App] 블루링크/기아커넥트 어플 실행 : 녹화영상 탭 선택 - 타임랩스 영상 리스트 - 영상 재생 | N61: ▪ [App] 확인 : 타임랩스 영상 재생됨 | T61: X | U61: X | V61: X
A62: APP_011 | B62: SyR-FR-187 | C62: ▪Test of interaction/communication | D62: ▪Requirements Analysis ▪Interface Analysis | E62: [휴대폰 영상재생] (2) : 재생 중 프로그래스바 탐색 | G62: 주행 중 상시 영상 | I62: ▪ 빌트인캠: 정상 부팅 완료 상태 ▪ 전방/후방 카메라: 시스템 정상 인식 상태 ▪ SD카드: 정품 장착 및 저장 가능 상태 ▪ DCM/CCU/CW: 시스템 정상 연결 및 인식 상태 ▪ 차량 전원: KEY ON ▪ 차량 전압: 12V | K62: 1 | L62: ▪ [App] 블루링크/기아커넥트 어플 실행 : 녹화영상 탭 선택 - 주행중 상시 영상 리스트 - 전/후방 전환버튼 - 전방 영상 재생 - 임의지점 프로그래스바 탐색 | N62: ▪ [App] 확인 : 탐색한 지점에서 이어서 재생 됨 | T62: X | U62: X | V62: X
K63: 2 | L63: ▪ [App] 블루링크/기아커넥트 어플 실행 : 녹화영상 탭 선택 - 주행중 상시 영상 리스트 - 전/후방 전환버튼 - 후방 영상 재생 - 임의지점 프로그래스바 탐색 | N63: ▪ [App] 확인 : 탐색한 지점에서 이어서 재생 됨 | T63: X | U63: X | V63: X
G64: 주행 중 이벤트 영상 | K64: 3 | L64: ▪ [App] 블루링크/기아커넥트 어플 실행 : 녹화영상 탭 선택 - 주행중 이벤트 영상 리스트 - 전/후방 전환버튼 - 전방 영상 재생 - 임의지점 프로그래스바 탐색 | N64: ▪ [App] 확인 : 탐색한 지점에서 이어서 재생 됨 | T64: X | U64: X | V64: X
K65: 4 | L65: ▪ [App] 블루링크/기아커넥트 어플 실행 : 녹화영상 탭 선택 - 주행중 이벤트 영상 리스트 - 전/후방 전환버튼 - 후방 영상 재생 - 임의지점 프로그래스바 탐색 | N65: ▪ [App] 확인 : 탐색한 지점에서 이어서 재생 됨 | T65: X | U65: X | V65: X
G66: 주차 중 상시영상 | K66: 5 | L66: ▪ [App] 블루링크/기아커넥트 어플 실행 : 녹화영상 탭 선택 - 주차중 상시 영상 리스트 - 전/후방 전환버튼 - 전방 영상 재생 - 임의지점 프로그래스바 탐색 | N66: ▪ [App] 확인 : 탐색한 지점에서 이어서 재생 됨 | T66: X | U66: X | V66: X | W66: 주차녹화_지원
K67: 6 | L67: ▪ [App] 블루링크/기아커넥트 어플 실행 : 녹화영상 탭 선택 - 주차중 상시 영상 리스트 - 전/후방 전환버튼 - 후방 영상 재생 - 임의지점 프로그래스바 탐색 | N67: ▪ [App] 확인 : 탐색한 지점에서 이어서 재생 됨 | T67: X | U67: X | V67: X | W67: 주차녹화_지원
G68: 주차 중 이벤트 영상 | K68: 7 | L68: ▪ [App] 블루링크/기아커넥트 어플 실행 : 녹화영상 탭 선택 - 주차중 이벤트 영상 리스트 - 전/후방 전환버튼 - 전방 영상 재생 - 임의지점 프로그래스바 탐색 | N68: ▪ [App] 확인 : 탐색한 지점에서 이어서 재생 됨 | T68: X | U68: X | V68: X | W68: 주차녹화_지원
K69: 8 | L69: ▪ [App] 블루링크/기아커넥트 어플 실행 : 녹화영상 탭 선택 - 주차중 이벤트 영상 리스트 - 전/후방 전환버튼 - 후방 영상 재생 - 임의지점 프로그래스바 탐색 | N69: ▪ [App] 확인 : 탐색한 지점에서 이어서 재생 됨 | T69: X | U69: X | V69: X | W69: 주차녹화_지원
G70: 주차 중 모션 영상 | K70: 9 | L70: ▪ [App] 원앱 어플 실행 : 녹화영상 탭 선택 - 주차중 모션 영상 리스트 - 전/후방 전환버튼 - 후방 영상 재생 - 임의지점 프로그래스바 탐색 ※ 원앱(현대 개발) 개발 진행 중 | N70: ▪ [App] 확인 : 탐색한 지점에서 이어서 재생 됨 | T70: X | U70: X | V70: X | W70: 모션감지_지원
G71: 타임랩스 영상 | K71: 10 | L71: ▪ [App] 블루링크/기아커넥트 어플 실행 : 녹화영상 탭 선택 - 타임랩스 영상 리스트 - 영상 재생 - 임의지점 프로그래스바 탐색 | N71: ▪ [App] 확인 : 탐색한 지점에서 이어서 재생 됨 | T71: X | U71: X | V71: X
A72: APP_012 | B72: SyR-FR-187 | C72: ▪Test of interaction/communication | D72: ▪Requirements Analysis ▪Interface Analysis | E72: [휴대폰 영상재생] (3) : 전/후방 전환 및 일시정지 | G72: 주행 중 상시 영상 | I72: ▪ 빌트인캠: 정상 부팅 완료 상태 ▪ 전방/후방 카메라: 시스템 정상 인식 상태 ▪ SD카드: 정품 장착 및 저장 가능 상태 ▪ DCM/CCU/CW: 시스템 정상 연결 및 인식 상태 ▪ 차량 전원: KEY ON ▪ 차량 전압: 12V | K72: 1 | L72: ▪ [App] 블루링크/기아커넥트 어플 실행 : 녹화영상 탭 선택 - 주행중 상시 영상 리스트 - 전방 영상 재생 - 일시정지 | N72: ▪ [App] 확인 : 주행중 상시 전방 영상 일시정지 | T72: X | U72: X | V72: X
K73: 2 | L73: ▪ [App] 블루링크/기아커넥트 어플 실행 : 녹화영상 탭 선택 - 주행중 상시 영상 리스트 - 후방 영상 재생 - 후방영상 일시정지 | N73: ▪ [App] 확인 : 주행중 상시 후방 영상 일시정지 | T73: X | U73: X | V73: X
G74: 주행 중 이벤트 영상 | K74: 3 | L74: ▪ [App] 블루링크/기아커넥트 어플 실행 : 녹화영상 탭 선택 - 주행중 이벤트 영상 리스트 - 전방 영상 재생 - 일시정지 | N74: ▪ [App] 확인 : 주행중 이벤트 전방 영상 일시정지 | T74: X | U74: X | V74: X
K75: 4 | L75: ▪ [App] 블루링크/기아커넥트 어플 실행 : 녹화영상 탭 선택 - 주행중 이벤트 영상 리스트 - 후방 영상 재생 - 후방영상 일시정지 | N75: ▪ [App] 확인 : 주행중 이벤트 후방 영상 일시정지 | T75: X | U75: X | V75: X
G76: 주차 중 상시영상 | K76: 5 | L76: ▪ [App] 블루링크/기아커넥트 어플 실행 : 녹화영상 탭 선택 - 주차중 상시 영상 리스트 - 전방 영상 재생 - 일시정지 | N76: ▪ [App] 확인 : 주차중 상시 전방 영상 일시정지 | T76: X | U76: X | V76: X | W76: 주차녹화_지원
K77: 6 | L77: ▪ [App] 블루링크/기아커넥트 어플 실행 : 녹화영상 탭 선택 - 주차중 상시 영상 리스트 - 후방 영상 재생 - 후방영상 일시정지 | N77: ▪ [App] 확인 : 주차중 상시 후방 영상 일시정지 | T77: X | U77: X | V77: X | W77: 주차녹화_지원
G78: 주차 중 이벤트 영상 | K78: 7 | L78: ▪ [App] 블루링크/기아커넥트 어플 실행 : 녹화영상 탭 선택 - 주차중 이벤트 영상 리스트 - 전방 영상 재생 - 일시정지 | N78: ▪ [App] 확인 : 주차중 이벤트 전방 영상 일시정지 | T78: X | U78: X | V78: X | W78: 주차녹화_지원
K79: 8 | L79: ▪ [App] 블루링크/기아커넥트 어플 실행 : 녹화영상 탭 선택 - 주차중 이벤트 영상 리스트 - 후방 영상 재생 - 후방영상 일시정지 | N79: ▪ [App] 확인 : 주차중 이벤트 후방 영상 일시정지 | T79: X | U79: X | V79: X | W79: 주차녹화_지원
G80: 주차 중 모션 영상 | K80: 9 | L80: ▪ [App] 원앱 어플 실행 : 녹화영상 탭 선택 - 주차중 이벤트 영상 리스트 - 후방 영상 재생 - 후방영상 일시정지 ※ 원앱(현대 개발) 개발 진행 중 | N80: ▪ [App] 확인 : 주차중 이벤트 후방 영상 일시정지 | T80: X | U80: X | V80: X | W80: 모션감지_지원
G81: 타임랩스 영상 | K81: 10 | L81: ▪ [App] 블루링크/기아커넥트 어플 실행 : 녹화영상 탭 선택 - 타임랩스 영상 리스트 - 영상 재생 - 일시정지 | N81: ▪ [App] 확인 : 타임랩스 영상 일시정지 | T81: X | U81: X | V81: X
A82: APP_013 | B82: SyR-FR-187 | C82: ▪Test of interaction/communication | D82: ▪Requirements Analysis ▪Interface Analysis | E82: [휴대폰 영상재생] (4) : 이전/다음파일 전환 | G82: 주행 중 상시 영상 | I82: ▪ 빌트인캠: 정상 부팅 완료 상태 ▪ 전방/후방 카메라: 시스템 정상 인식 상태 ▪ SD카드: 정품 장착 및 저장 가능 상태 ▪ DCM/CCU/CW: 시스템 정상 연결 및 인식 상태 ▪ 차량 전원: KEY ON ▪ 차량 전압: 12V | K82: 1 | L82: ▪ [App] 블루링크/기아커넥트 어플 실행 : 녹화영상 탭 선택 - 주행중 상시 영상 리스트 - 다음파일 재생 | N82: ▪ [App] 확인 : 주행중 상시 다음파일 재생 | T82: X | U82: X | V82: X
K83: 2 | L83: ▪ [App] 블루링크/기아커넥트 어플 실행 : 녹화영상 탭 선택 - 주행중 상시 영상 리스트 - 이전파일 재생 | N83: ▪ [App] 확인 : 주행중 상시 이전파일 재생 | T83: X | U83: X | V83: X
G84: 주행 중 이벤트 영상 | K84: 3 | L84: ▪ [App] 블루링크/기아커넥트 어플 실행 : 녹화영상 탭 선택 - 주행중 이벤트 영상 리스트 - 다음파일 재생 | N84: ▪ [App] 확인 : 주행중 이벤트 다음파일 재생 | T84: X | U84: X | V84: X
K85: 4 | L85: ▪ [App] 블루링크/기아커넥트 어플 실행 : 녹화영상 탭 선택 - 주행중 이벤트 영상 리스트 - 이전파일 재생 | N85: ▪ [App] 확인 : 주행중 이벤트 이전파일 재생 | T85: X | U85: X | V85: X
G86: 주차 중 상시영상 | K86: 5 | L86: ▪ [App] 블루링크/기아커넥트 어플 실행 : 녹화영상 탭 선택 - 주차중 상시 영상 리스트 - 다음파일 재생 | N86: ▪ [App] 확인 : 주차중 상시 다음파일 재생 | T86: X | U86: X | V86: X | W86: 주차녹화_지원
K87: 6 | L87: ▪ [App] 블루링크/기아커넥트 어플 실행 : 녹화영상 탭 선택 - 주차중 상시 영상 리스트 - 이전파일 재생 | N87: ▪ [App] 확인 : 주차중 상시 이전파일 재생 | T87: X | U87: X | V87: X | W87: 주차녹화_지원
G88: 주차 중 이벤트 영상 | K88: 7 | L88: ▪ [App] 블루링크/기아커넥트 어플 실행 : 녹화영상 탭 선택 - 주차중 이벤트 영상 리스트 - 다음파일 재생 | N88: ▪ [App] 확인 : 주차중 이벤트 다음파일 재생 | T88: X | U88: X | V88: X | W88: 주차녹화_지원
K89: 8 | L89: ▪ [App] 블루링크/기아커넥트 어플 실행 : 녹화영상 탭 선택 - 주차중 이벤트 영상 리스트 - 이전파일 재생 | N89: ▪ [App] 확인 : 주차중 이벤트 이전파일 재생 | T89: X | U89: X | V89: X | W89: 주차녹화_지원
G90: 주차 중 모션 영상 | K90: 9 | L90: ▪ [App] 원앱 어플 실행 : 녹화영상 탭 선택 - 주차중 이벤트 영상 리스트 - 다음파일 재생 ※ 원앱(현대 개발) 개발 진행 중 | N90: ▪ [App] 확인 : 주차중 모션 다음파일 재생 | T90: X | U90: X | V90: X | W90: 모션감지_지원
K91: 10 | L91: ▪ [App] 원앱 어플 실행 : 녹화영상 탭 선택 - 주차중 이벤트 영상 리스트 - 이전파일 재생 ※ 원앱(현대 개발) 개발 진행 중 | N91: ▪ [App] 확인 : 주차중 모션 이전파일 재생 | T91: X | U91: X | V91: X | W91: 모션감지_지원
G92: 보관함 영상 | K92: 11 | L92: ▪ [App] 블루링크/기아커넥트 어플 실행 : 녹화영상 탭 선택 - 보관함 - 다음파일 재생 | N92: ▪ [App] 확인 : 보관함 다음파일 재생 | T92: X | U92: X | V92: X
K93: 12 | L93: ▪ [App] 블루링크/기아커넥트 어플 실행 : 녹화영상 탭 선택 - 보관함 - 이전파일 재생 | N93: ▪ [App] 확인 : 보관함 이전파일 재생 | T93: X | U93: X | V93: X
G94: 타임랩스 영상 | K94: 13 | L94: ▪ [App] 블루링크/기아커넥트 어플 실행 : 녹화영상 탭 선택 - 타임랩스 영상 리스트 - 다음파일 재생 | N94: ▪ [App] 확인 : 타임랩스 다음파일 재생 | T94: X | U94: X | V94: X
K95: 14 | L95: ▪ [App] 블루링크/기아커넥트 어플 실행 : 녹화영상 탭 선택 - 타임랩스 영상 리스트 - 이전파일 재생 | N95: ▪ [App] 확인 : 타임랩스 이전파일 재생 | T95: X | U95: X | V95: X

Sheet DCM 연동기능
A1: {="DCM_"&TEXT(MAX(IFERROR(--MID($A$2:$A$4794,5,3),0)),"000")} -> DCM_063 | F1: English Translation | H1: English Translation | J1: English Translation | M1: English Translation | O1: English Translation
A2: ID | B2: SyR ID | C2: Test method | D2: TC design method | E2: Verification Item | G2: Description | I2: Precondition | K2: Step | L2: Test procedure | N2: Expect Result | P2: Result | Q2: Measure Value | R2: Remarks | T2: Manual (Basic) | U2: Automation (Basic) | V2: Automation Applied | W2: Specification Category
A3: DCM_001 | B3: SyR-FR-212 | C3: ▪Performance test | D3: ▪Requirements Analysis | E3: DCM 연동 차량 소모 전력 | G3: 주행녹화 중 소비전력 (DCM 출력) | I3: ▪ 빌트인캠: 정상 부팅 완료 상태 ▪ 전방/후방 카메라: 시스템 정상 인식 상태 ▪ SD카드: 정품 장착 및 저장 가능 상태 ▪ DCM/CCU/CW: 시스템 정상 연결 및 인식 상태 ▪ 차량 전원: KEY ON ▪ 차량 전압: 12V ▪ 설정 : 주행/주차 상시 ON , 주행/주차 이벤트 설정 ON | K3: 1 | L3: ▪ AVN mode ▪ 주행상시 + 스위치/충격이벤트 + 타임랩스 녹화중 ▪ 소비전력 측정 | N3: ▪ 12.36 Watt 이하 (1.03A@12V) | T3: X | U3: X | V3: O | W3: DCM_연동
G4: 주차녹화 중 소비전력 ( DCM 미출력) | K4: 2 | L4: ▪ Key Off 후 주차녹화 진행 ▪ Sleep 진입까지 대기 ▪ 소비전력 측정 eAGM(B+) 사용 차종 1 pin(B+) | N4: ▪ eAGM 배터리 사양: 6.84W이하 (570mA @ 12V) | T4: X | U4: X | V4: O | W4: DCM_연동
G5: Power Off 암전류 확인 (DCM 미출력) | K5: 3 | L5: ▪ 모든 녹화설정 OFF ▪ KEY OFF ▪ B+ 암전류 측정 | N5: ▪ BLTN_CAM OFF 0.5mA 이하 | T5: X | U5: X | V5: O | W5: DCM_연동
G6: (2.5세대) 모션감지 녹화 대기 소비전력 (DCM 미출력) | K6: 4 | L6: ▪ 모션감지 녹화 설정 ON ▪ KEY OFF ▪ 모션감지 녹화 대기 상태 ▪ B+ 소비전력 측정 | N6: ▪ eAGM 배터리 사양: 80mA 이하 | T6: X | U6: X | V6: O | W6: DCM_연동
G7: (2.5세대) 모션감지 녹화 소비전력 (DCM 미출력) | K7: 5 | L7: ▪ 모션감지 녹화 설정 ON ▪ KEY OFF ▪ 모션감지 녹화 상태 ▪ B+ 소비전력 측정 | N7: ▪ eAGM 배터리 사양: 9W이하 (750mA@12V) | T7: X | U7: X | V7: O | W7: DCM_연동
A8: DCM_002 | B8: SyR-FR-212,SyR-NFR-050,SyR-NFR-051,SyR-CON-054,SyR-CON-055,SyR-NFR-052,SyR-CON-056,SyR-FR-215,SyR-FR-216 | C8: ▪Requirement-based test ▪Test of interaction/communication | D8: ▪Requirements Analysis | E8: 주행 중 DCM 출력 -1 | G8: 주행 상시 녹화 중 DCM 출력 확인 | I8: ▪ 빌트인캠: 정상 부팅 완료 상태 ▪ 전방/후방 카메라: 시스템 정상 인식 상태 ▪ SD카드: 정품 장착 및 저장 가능 상태 ▪ DCM/CCU/CW: 시스템 정상 연결 및 인식 상태 ▪ 차량 전원: KEY ON ▪ 차량 전압: 12V ▪ 설정 : 주행/주차 상시 ON , 주행/주차 이벤트 설정 ON | K8: 1 | L8: ▪ 주행 녹화 진행 (※ DCM 출력 조건 : NM_CGW_CCU, BDC_FD_02_200ms 신호 송신 필수 / 컨플루언스 자료실 젠텍스 룸미러 사용 방법 참고) ▪ BLTN_CAM_DCM_Status 신호 확인 | N8: ▪ BLTN_CAM_DCM_Status = 0x1 ( Built-in Cam Display DCM normally) | T8: O | U8: X | V8: O | W8: DCM_연동
K9: 2 | L9: ▪ ↑ ▪ DCM 실물 출력 확인 | N9: ▪ DCM 정상적으로 출력할것 (60FPS) | T9: O | U9: X | V9: X | W9: DCM_연동
K10: 3 | L10: ▪ Key Off 후 주차녹화 진행 ▪ 주차녹화 10초 진행후 Key On 하여 BLTN_CAM_DCM_Status 신호 확인 | N10: ▪ BLTN_CAM_DCM_Status = 0x1 ( Built-in Cam Display DCM normally) | T10: O | U10: X | V10: O | W10: DCM_연동
K11: 4 | L11: ▪ ↑ ▪ DCM 실물 출력 확인 | N11: ▪ DCM 정상적으로 출력할것 (60FPS) | T11: O | U11: X | V11: X | W11: DCM_연동
G12: 모든 설정 off 시 출력 확인 | K12: 5 | L12: ▪ 모든 녹화 설정 Off ▪ Key On 상태에서 DCM 출력 확인 ▪ BLTN_CAM_DCM_Status 신호 확인 | N12: ▪ BLTN_CAM_DCM_Status = 0x1 ( Built-in Cam Display DCM normally) | T12: X | U12: X | V12: O | W12: DCM_연동
K13: 6 | L13: ▪ ↑ ▪ DCM 실물 출력 확인 | N13: ▪ DCM 정상적으로 출력할것 (60FPS) | T13: X | U13: X | V13: X | W13: DCM_연동
G14: 충격 이벤트 연속 인가 시 출력 확인 | K14: 7 | L14: ▪ 충격 이벤트 10초 간격 5회 인가 ▪ BLTN_CAM_DCM_Status 신호 확인 | N14: ▪ BLTN_CAM_DCM_Status = 0x1 ( Built-in Cam Display DCM normally) | T14: X | U14: X | V14: O | W14: DCM_연동
K15: 8 | L15: ▪ ↑ ▪ DCM 실물 출력 확인 | N15: ▪ DCM 정상적으로 출력할것 (60FPS) | T15: X | U15: X | V15: X | W15: DCM_연동
G16: Key On/Off 반복시 출력 확인 | K16: 9 | L16: ▪ DCM 정상 출력 상태 ▪ Key On/Off 10회 반복 ▪ BLTN_CAM_DCM_Status 신호 확인 | N16: ▪ BLTN_CAM_DCM_Status = 0x1 ( Built-in Cam Display DCM normally) | T16: X | U16: X | V16: O | W16: DCM_연동
K17: 10 | L17: ▪ ↑ ▪ DCM 실물 출력 확인 | N17: ▪ Key On/Off 반복시 DCM 끊김없이 정상적으로 출력할것 (60FPS) | T17: X | U17: X | V17: X | W17: DCM_연동
G18: 악의 조건 DCM 프레임 누락 확인 (Key On/Off 반복) | K18: 11 | L18: ↑ ▪ PC에서 OCR_TEST 영상 실행후, 빌트인캠 후방카메라로 촬영 ▪ DCM 출력 및 모니터 영상 카메라로 동시 촬영 (120FPS 카메라) ▪ OCR 프로그램 이용하여 영상에서 프레임 누락 확인 ※ 컨플루언스 빌트인캠 자료실 참고 | N18: ▪ DCM 출력 프레임 누락 없을 것 (숫자 오탐 제외 프레임 누락 없음) | T18: X | U18: X | V18: X | W18: DCM_연동
G19: 빌트인캠 메뉴 진출입 반복시 출력 확인 | K19: 12 | L19: ▪ DCM 정상 출력 상태 ▪ 빌트인캠 메뉴 진/출입 10회 반복하여 주행 녹화 반복 수행 ▪ BLTN_CAM_DCM_Status 신호 확인 | N19: ▪ BLTN_CAM_DCM_Status = 0x1 ( Built-in Cam Display DCM normally) | T19: X | U19: X | V19: O | W19: DCM_연동
K20: 13 | L20: ▪ ↑ ▪ DCM 실물 출력 확인 | N20: ▪ 빌트인캠 메뉴 진/출입 조건시 DCM 끊김없이 정상적으로 출력할것 (60FPS) | T20: X | U20: X | V20: X | W20: DCM_연동
G21: 악의 조건 DCM 프레임 누락 확인 (빌트인캠 메뉴 진입 반복시) | K21: 14 | L21: ↑ ▪ PC에서 OCR_TEST 영상 실행후, 빌트인캠 후방카메라로 촬영 ▪ DCM 출력 및 모니터 영상 카메라로 동시 촬영 (120FPS 카메라) ▪ OCR 프로그램 이용하여 영상에서 프레임 누락 확인 ※ 컨플루언스 빌트인캠 자료실 참고 | N21: ▪ DCM 출력 프레임 누락 없을 것 (숫자 오탐 제외 프레임 누락 없음) | T21: X | U21: X | V21: X | W21: DCM_연동
G22: 충격 이벤트 + 수동 이벤트 + 타임랩스 녹화 진행시 출력 확인 | K22: 15 | L22: ▪ 주행 녹화 진행 ▪ 충격 이벤트 + 수동 이벤트 + 타임랩스 녹화 진행 ▪ BLTN_CAM_DCM_Status 신호 확인 | N22: ▪ BLTN_CAM_DCM_Status = 0x1 ( Built-in Cam Display DCM normally) | T22: X | U22: X | V22: O | W22: DCM_연동
K23: 16 | L23: ▪ ↑ ▪ DCM 실물 출력 확인 | N23: ▪ DCM 끊김없이 정상적으로 출력할것 (60FPS) | T23: X | U23: X | V23: X | W23: DCM_연동
G24: 복합 조건 녹화 중 DCM 프레임 누락 확인 (수동 이벤트 + 충격 이벤트 + 타임랩스) | K24: 17 | L24: ↑ ▪ PC에서 OCR_TEST 영상 실행후, 빌트인캠 후방카메라로 촬영 ▪ DCM 출력 및 모니터 영상 카메라로 동시 촬영 (120FPS 카메라) ▪ OCR 프로그램 이용하여 영상에서 프레임 누락 확인 ※ 컨플루언스 빌트인캠 자료실 참고 | N24: ▪ DCM 출력 프레임 누락 없을 것 (숫자 오탐 제외 프레임 누락 없음) | T24: X | U24: X | V24: X | W24: DCM_연동
A25: DCM_003 | B25: SyR-FR-212,SyR-FR-213,SyR-FR-220 | C25: ▪Requirement-based test ▪Test of interaction/communication | D25: ▪Requirements Analysis | E25: 주행 중 DCM 출력 -2 | G25: 주행 녹화 중 B+ 리셋 시 DCM 출력 | I25: ▪ 빌트인캠: 정상 부팅 완료 상태 ▪ 전방/후방 카메라: 시스템 정상 인식 상태 ▪ SD카드: 정품 장착 및 저장 가능 상태 ▪ DCM/CCU/CW: 시스템 정상 연결 및 인식 상태 ▪ 차량 전원: KEY ON ▪ 차량 전압: 12V | K25: 1 | L25: ▪ 주행 상시, 주차 상시 설정 ON ▪ 주행 녹화 진행 ▪ B+ 리셋 이후 DCM 출력 확인 | N25: ▪ DCM 7s 이내 정상적으로 출력할것 (BICIM2-3217, 젠텍스 사양) | T25: X | U25: X | V25: X | W25: DCM_연동
K26: 2 | L26: ▪ ↑ ▪ BLTN_CAM_DCM_Status, BLTN_CAM_DCM_SER_I2C_Master, RearCamera_Input_Status 신호 확인 | N26: ▪ BLTN_CAM_DCM_Status = 0x2(Not Ready Booting, 2,600ms) → 0x1 ( Built-in Cam Display DCM normally) ▪ BLTN_CAM_DCM_SER_I2C_Master = 0x0(default, 750ms) → 0x1(off, 500ms) → 0x2(on, 600ms) → 0x1(off) ▪ RearCamera_Input_Status = 0x0(normal, 2,200ms) → 0x3(Initializing by Built-in-Cam, 400ms) → 0x0(normal) | T26: X | U26: X | V26: O | W26: DCM_연동
G27: 복합 녹화 중 B+ 리셋 시 DCM 출력 (수동 이벤트 + 충격 이벤트 + 타임랩스) | K27: 3 | L27: ▪ 주행 녹화 진행 ▪ 충격 이벤트 + 수동 이벤트 + 타임랩스 녹화 진행 ▪ 동시 녹화 진행 중 B+ 리셋 ▪ DCM 실물 출력 확인 | N27: ▪ DCM 7s 이내 정상적으로 출력할것 (BICIM2-3217, 젠텍스 사양) | T27: X | U27: X | V27: X | W27: DCM_연동
K28: 4 | L28: ▪ ↑ ▪ BLTN_CAM_DCM_Status, BLTN_CAM_DCM_SER_I2C_Master, RearCamera_Input_Status 신호 확인 | N28: ▪ BLTN_CAM_DCM_Status = 0x2(Not Ready Booting, 2,600ms) → 0x1 ( Built-in Cam Display DCM normally) ▪ BLTN_CAM_DCM_SER_I2C_Master = 0x0(default, 750ms) → 0x1(off, 500ms) → 0x2(on, 600ms) → 0x1(off) ▪ RearCamera_Input_Status = 0x0(normal, 2,200ms) → 0x3(Initializing by Built-in-Cam, 400ms) → 0x0(normal) | T28: X | U28: X | V28: O | W28: DCM_연동
A29: DCM_004 | B29: SyR-FR-212 | C29: ▪Requirement-based test ▪Test of interaction/communication | D29: ▪Requirements Analysis | E29: 카메라 영상 미입력시 | G29: 주행 녹화 중 후방 카메라 탈부착 시 영향성 | I29: ▪ 빌트인캠: 정상 부팅 완료 상태 ▪ 전방/후방 카메라: 시스템 정상 인식 상태 ▪ SD카드: 정품 장착 및 저장 가능 상태 ▪ DCM/CCU/CW: 시스템 정상 연결 및 인식 상태 ▪ 차량 전원: KEY ON ▪ 차량 전압: 12V ▪ 설정 : 주행 상시 설정 ON | K29: 1 | L29: ▪ 주행 녹화 진행 ▪ BLTN_CAM_DCM_Status =0x1(normal) ▪ RearCamera_Input_Status = 0x0(normal) ▪ 10초 대기 후 후방카메라 탈거 | N29: ▪ BLTN_CAM_DCM_Status = 0x4 (Built-in Cam DCM display error because of built-in Cam Rear Camera error) ▪ RearCamera_Input_Status =0x1(not conncected, 5s) → 0x3(initailizing, 5s) → 0x1(not conncected) | T29: X | U29: X | V29: X | W29: DCM_연동
K30: 2 | L30: ▪ ↑ ▪ 10초 대기 후 후방카메라 부착 ▪ DCM 출력 확인 | N30: ▪ BLTN_CAM_DCM_Status =0x1(normal) ▪ RearCamera_Input_Status = 0x0(normal) ▪ 카메라 부착후 DCM 정상적으로 출력할것 | T30: X | U30: X | V30: X | W30: DCM_연동
G31: 주행 녹화 중 전방 카메라 탈부착 시 영향성 | K31: 3 | L31: ▪ 주행 녹화 진행 ▪ BLTN_CAM_DCM_Status =0x1(normal) ▪ RearCamera_Input_Status = 0x0(normal) ▪ 10초 대기 후 전방카메라 탈거 | N31: ▪ 전방 카메라 탈거 순간 끊김 제외 DCM 정상 출력할것 ▪ BLTN_CAM_DCM_Status =0x1(normal) → 0x4 ( Built-in Cam DCM display error because of built-in Cam Rear Camera error) → 0x1( Built-in Cam Display DCM normally) | T31: X | U31: X | V31: X | W31: DCM_연동
K32: 4 | L32: ▪ ↑ ▪ 10초 대기 후 전방카메라 부착 ▪ DCM 출력 확인 | N32: ▪ 카메라 부착후 DCM 정상적으로 출력할것 | T32: X | U32: X | V32: X | W32: DCM_연동
A33: DCM_005 | B33: SyR-FR-212 | C33: ▪Requirement-based test ▪Test of interaction/communication | D33: ▪Requirements Analysis | E33: DCM 커넥터 탈거시 | G33: DCM 탈/부착시 영향성 | I33: ▪ 빌트인캠: 정상 부팅 완료 상태 ▪ 전방/후방 카메라: 시스템 정상 인식 상태 ▪ SD카드: 정품 장착 및 저장 가능 상태 ▪ DCM/CCU/CW: 시스템 정상 연결 및 인식 상태 ▪ 차량 전원: KEY ON ▪ 차량 전압: 12V ▪ 설정 : 주행 상시 설정 ON | K33: 1 | L33: ▪ 주행 녹화 진행 ▪ 10초 대기 후 DCM 커넥터 탈거 ▪ 10초 대기 후 DCM 커넥터 부착 ▪ DCM 출력 확인 | N33: ▪ DCM 커넥터 부착 이후 정상 출력 ▪ BLTN_CAM_DCM_Status = 0X5 (No Output because of DCM Status) → 0x1 ( Built-in Cam Display DCM normally) | T33: X | U33: X | V33: X | W33: DCM_연동
G34: 카메라, DCM 동시 탈/부착 | K34: 2 | L34: ▪ 주행 녹화 진행 ▪ 10초 대기 후 전/후방 카메라 탈거 및 DCM 커넥터 탈거 ▪ 10초 대기 후 전/후방 카메라 부착 ▪ DCM 커넥터 부착 ▪ DCM 출력 확인 | N34: ▪ DCM 커넥터 부착 이후 정상 출력 ▪ BLTN_CAM_DCM_Status = 0X0(normal) → 0x4 ( Built-in Cam DCM display error because of built-in Cam Rear Camera error) → 0X5(No Output because of DCM Status) → 0x1(Built-in Cam Display DCM normally) | T34: X | U34: X | V34: X | W34: DCM_연동
A35: DCM_006 | B35: SyR-FR-212 | C35: ▪Requirement-based test ▪Test of interaction/communication | D35: ▪Requirements Analysis | E35: 주행 중 전원 변경 -1 | G35: 전원 조건 변경 - (1) B+,ACC ON | I35: ▪ 빌트인캠: 정상 부팅 완료 상태 ▪ 전방/후방 카메라: 시스템 정상 인식 상태 ▪ SD카드: 정품 장착 및 저장 가능 상태 ▪ DCM/CCU/CW: 시스템 정상 연결 및 인식 상태 ▪ 차량 전원: KEY ON ▪ 차량 전압: 12V ▪ 설정 : 주행 상시 설정 ON | K35: 1 | L35: ▪ 전상태 : 네트워크 Sleep 상태 ▪ NM_CGW_CCU 메시지 송신하여 네트워크 Wake UP ▪ B+ ON, ACC ON, IGN OFF ▪ BLTN_CAM_DCM_Status 신호 확인 | N35: ▪ BLTN_CAM_DCM_Status =3s 이내 0x5 → 0x1 ( Built-in Cam Display DCM normally) | T35: X | U35: X | V35: O | W35: DCM_연동
K36: 2 | L36: ▪ ↑ ▪ DCM 실물 출력 확인 | N36: ▪ DCM 3s 이내 정상적으로 출력할것 | T36: X | U36: X | V36: X | W36: DCM_연동
K37: 3 | L37: ▪ 전상태 : 네트워크 Sleep 상태 ▪ NM_CGW_CCU 메시지 송신하여 네트워크 Wake UP ▪ B+ ON, ACC OFF, IGN ON (원격 시동 조건) ▪ BLTN_CAM_DCM_Status 신호 확인 | N37: ▪ BLTN_CAM_DCM_Status = 3s 이내 0x5→ 0x1 ( Built-in Cam Display DCM normally) | T37: X | U37: X | V37: O | W37: DCM_연동
K38: 4 | L38: ▪ ↑ ▪ DCM 실물 출력 확인 | N38: ▪ DCM 3s 이내 정상적으로 출력할것 | T38: X | U38: X | V38: X | W38: DCM_연동
E39: 주행 중 전원 변경 -2 | G39: 전원 조건 변경 - (2) B+,IGN ON | K39: 5 | L39: ▪ 주행 녹화 진행 ▪ ACC & IGN ON/OFF 10회 반복 ▪ DCM 출력 확인 | N39: ▪ DCM 끊김 없이 정상적으로 출력할것 ▪ 영상 깨짐, 블랙화면 등 출력에 이상없을것 | T39: X | U39: X | V39: X | W39: DCM_연동
A40: DCM_007 | B40: SyR-FR-212 | C40: ▪Requirement-based test ▪Test of interaction/communication | D40: ▪Requirements Analysis | E40: 주행 중 전압 변동 (빌트인캠 작동 전압 내 변동) | G40: 저전압 변화 영향성 (12V → 9V) (※ 빌트인캠 작동전압 : 9V ~ 18V) | I40: ▪ 빌트인캠: 정상 부팅 완료 상태 ▪ 전방/후방 카메라: 시스템 정상 인식 상태 ▪ SD카드: 정품 장착 및 저장 가능 상태 ▪ DCM/CCU/CW: 시스템 정상 연결 및 인식 상태 ▪ 차량 전원: KEY ON ▪ 차량 전압: 12V ▪ 설정 : 주행 상시 설정 ON | K40: 1 | L40: ▪ 주행 녹화 진행 ▪ 전원 입력 12V → 9V ▪ BLTN_CAM_DCM_Status 신호 확인 | N40: ▪ BLTN_CAM_DCM_Status = 0x1 ( Built-in Cam Display DCM normally) | T40: X | U40: X | V40: O | W40: DCM_연동
K41: 2 | L41: ▪ ↑ ▪ DCM 실물 출력 확인 | N41: ▪ DCM 정상적으로 출력할것 | T41: X | U41: X | V41: X | W41: DCM_연동
G42: 고전압 변화 영향성 (12V → 18V) (※ 빌트인캠 작동전압 : 9V ~ 18V) | K42: 3 | L42: ▪ 주행 녹화 진행 ▪ 전원 입력 12V → 18V ▪ BLTN_CAM_DCM_Status 신호 확인 | N42: ▪ BLTN_CAM_DCM_Status = 0x1 ( Built-in Cam Display DCM normally) | T42: X | U42: X | V42: O | W42: DCM_연동
K43: 4 | L43: ▪ ↑ ▪ DCM 실물 출력 확인 | N43: ▪ DCM 정상적으로 출력할것 | T43: X | U43: X | V43: X | W43: DCM_연동
A44: DCM_008 | B44: SyR-FR-212 | C44: ▪Requirement-based test ▪Test of interaction/communication | D44: ▪Requirements Analysis | E44: 악의 조건 시 출력 확인 (B+리셋, 저/고전압 반복, CAN 쇼트) | G44: 빌트인캠 B+ 리셋 반복 | I44: ▪ 빌트인캠: 정상 부팅 완료 상태 ▪ 전방/후방 카메라: 시스템 정상 인식 상태 ▪ SD카드: 정품 장착 및 저장 가능 상태 ▪ DCM/CCU/CW: 시스템 정상 연결 및 인식 상태 ▪ 차량 전원: KEY ON ▪ 차량 전압: 12V | K44: 1 | L44: ▪ DCM 정상 출력 상태 ▪ 빌트인캠 B+ 리셋 10회 반복후 IGN ON ▪ BLTN_CAM_DCM_Status 신호 확인 | N44: ▪ B+ 리셋 반복 이후 DCM 3s 이내 정상적으로 출력할것 ▪ BLTN_CAM_DCM_Status = 0x1 ( Built-in Cam Display DCM normally) | T44: X | U44: X | V44: X | W44: DCM_연동
K45: 2 | L45: ▪ ↑ ▪ DCM 실물 출력 확인 | N45: ▪ 영상 깨짐, 블랙화면 등 출력에 이상없을것 | T45: X | U45: X | V45: X | W45: DCM_연동
G46: DCM B+ 리셋 반복 | K46: 3 | L46: ▪ DCM 정상 출력 상태 ▪ DCM 전원 리셋 10회 반복후 IGN ON ▪ BLTN_CAM_DCM_Status 신호 확인 | N46: ▪ BLTN_CAM_DCM_Status = 0x1 ( Built-in Cam Display DCM normally) | T46: X | U46: X | V46: O | W46: DCM_연동
K47: 4 | L47: ▪ ↑ ▪ DCM 실물 출력 확인 | N47: ▪ B+ 리셋 반복 이후 DCM 3s 이내 정상적으로 출력할것 ▪ 영상 깨짐, 블랙화면 등 출력에 이상없을것 | T47: X | U47: X | V47: X | W47: DCM_연동
G48: 저전압 인가 반복 | K48: 5 | L48: ▪ DCM 정상 출력 상태 ▪ 12V ↔ 6V 전환 10회 반복 후 12V 복귀 ▪ DCM 실물 출력 확인 | N48: ▪ 정상 전압 복귀 후 DCM 정상적으로 출력할것 | T48: X | U48: X | V48: X | W48: DCM_연동
K49: 6 | L49: ▪ ↑ ▪ BLTN_CAM_DCM_Status 신호 확인 | N49: ▪ BLTN_CAM_DCM_Status = 0x1 ( Built-in Cam Display DCM normally) | T49: X | U49: X | V49: O | W49: DCM_연동
G50: 고전압 인가 반복 | K50: 7 | L50: ▪ DCM 정상 출력 상태 ▪ 12V ↔ 19V 전환 10회 반복 후 12V 복귀 ▪ DCM 실물 출력 확인 | N50: ▪ 정상 전압 복귀 후 DCM 정상적으로 출력할것 | T50: X | U50: X | V50: X | W50: DCM_연동
K51: 8 | L51: ▪ ↑ ▪ BLTN_CAM_DCM_Status 신호 확인 | N51: ▪ BLTN_CAM_DCM_Status = 0x1 ( Built-in Cam Display DCM normally) | T51: X | U51: X | V51: O | W51: DCM_연동
G52: CAN high/low 쇼트 | K52: 9 | L52: ▪ DCM 정상 출력 상태 ▪ CAN H&L 라인 쇼트 3s 이상 지속 (DCM 출력 끊김) ▪ 쇼트 해제 이후 CAN 복구 ▪ DCM 신호 재인가 | N52: ▪ DCM 신호 인가 후 정상적으로 출력할것 ▪ BLTN_CAM_DCM_Status = 0x1 ( Built-in Cam Display DCM normally) | T52: X | U52: X | V52: X | W52: DCM_연동
G53: CAN high/low + GND 쇼트 | K53: 10 | L53: ▪ DCM 정상 출력 상태 ▪ CAM H&L + GND 라인 쇼트 3s 이상 지속 (DCM 출력 끊김) ▪ 쇼트 해제 이후 CAN 복구 ▪ DCM 신호 재인가 | N53: ▪ DCM 신호 인가 후 정상적으로 출력할것 ▪ BLTN_CAM_DCM_Status = 0x1 ( Built-in Cam Display DCM normally) | T53: X | U53: X | V53: X | W53: DCM_연동
G54: CAN high/low + B+ 쇼트 | K54: 11 | L54: ▪ DCM 정상 출력 상태 ▪ CAN H&L + B+ 라인 쇼트 3s 이상 지속 (DCM 출력 끊김) ▪ 쇼트 해제 이후 CAN 복구 ▪ DCM 신호 재인가 | N54: ▪ DCM 신호 인가 후 정상적으로 출력할것 ▪ BLTN_CAM_DCM_Status = 0x1 ( Built-in Cam Display DCM normally) | T54: X | U54: X | V54: X | W54: DCM_연동
A55: DCM_009 | B55: SyR-FR-212 | C55: ▪Requirement-based test ▪Test of interaction/communication | D55: ▪Requirements Analysis | E55: [고객 설정 초기화] : 차량모드 | G55: 공장모드 → 고객모드 초기화 | I55: ▪ 빌트인캠: 정상 부팅 완료 상태 ▪ 전방/후방 카메라: 시스템 정상 인식 상태 ▪ SD카드: 정품 장착 및 저장 가능 상태 ▪ DCM/CCU/CW: 시스템 정상 연결 및 인식 상태 ▪ 차량 전원: KEY ON ▪ 차량 전압: 12V | K55: 1 | L55: ▪ ICUPowerAutoCutMode = 0x0 → 0x2 신호 변경 ▪ Key OFF → Key On | N55: ▪ 고객 모드 초기화 후 DCM 출력 영향 없을 것 ▪ 영상 깨짐, 블랙화면 등 출력에 이상없을것 | T55: X | U55: X | V55: X | W55: DCM_연동
G59: 딜러모드 → 고객모드 초기화 | K59: 2 | L59: ▪ ICUPowerAutoCutMode = 0x1 → 0x2 신호 변경 ▪ Key OFF → Key On | N59: ▪ 고객 모드 초기화 후 DCM 출력 영향 없을 것 ▪ 영상 깨짐, 블랙화면 등 출력에 이상없을것 | T59: X | U59: X | V59: X | W59: DCM_연동
A63: DCM_010 | B63: SyR-FR-212 | C63: ▪Requirement-based test ▪Test of interaction/communication | D63: ▪Requirements Analysis | E63: DCM 출력 - 설정 초기화 | G63: 녹화 설정 초기화 - FRS | I63: ▪ 빌트인캠: 정상 부팅 완료 상태 ▪ 전방/후방 카메라: 시스템 정상 인식 상태 ▪ SD카드: 정품 장착 및 저장 가능 상태 ▪ DCM/CCU/CW: 시스템 정상 연결 및 인식 상태 ▪ 차량 전원: KEY ON ▪ 차량 전압: 12V | K63: 1 | L63: ▪ ICUPowerAutoCutMode = 0x0(Factory mode) → 0x2(Customer mode) ▪ 빌트인 캠 메인화면 ▪ [HU 설정] - [일반] - [초기화] - [게스트 프로필 삭제/시스템 전체 초기화] | N63: ▪ 설정 초기화 후 DCM 출력 영향 없을 것 (주차상시 OFF, 주차이벤트 OFF, 이벤트알림 OFF, 주차 모션감지 녹화 OFF) | T63: X | U63: X | V63: X | W63: DCM_연동
K67: 2 | L67: ▪ 주행상시 녹화 설정 ON ▪ [HU 설정] - [일반] - [초기화] - [게스트 프로필 삭제/시스템 전체 초기화] | N67: ▪ 설정 초기화 후 DCM 출력 영향 없을 것 (녹화 설정 기본값 ON) | T67: X | U67: X | V67: X | W67: DCM_연동
A71: DCM_011 | B71: SyR-FR-212,SyR-FR-214 | C71: ▪Requirement-based test ▪Test of interaction/communication | D71: ▪Requirements Analysis | E71: 주차 중 DCM 출력 -1 | G71: 주차 상시 녹화 중 DCM 출력(네트워크 Alive) | I71: ▪ 빌트인캠: 정상 부팅 완료 상태 ▪ 전방/후방 카메라: 시스템 정상 인식 상태 ▪ SD카드: 정품 장착 및 저장 가능 상태 ▪ DCM/CCU/CW: 시스템 정상 연결 및 인식 상태 ▪ 차량 전원: KEY ON ▪ 차량 전압: 12V ▪ 설정 : 주차 상시 / 주차 이벤트 ON | K71: 1 | L71: ▪ Key Off 후 주차 녹화 진행 ▪ 네트워크 Alive 상태 | N71: ▪ DCM 정상적으로 출력할것(60FPS) ▪ BLTN_CAM_DCM_Status = 0x1 ( Built-in Cam Display DCM normally) | T71: X | U71: X | V71: X | W71: DCM_연동
G72: 주차 중 충격 이벤트 연속 인가 | K72: 2 | L72: ↑ ▪ 충격 이벤트 연속 인가 | N72: ▪ DCM 끊김 없이 정상적으로 출력할것(60FPS) ▪ BLTN_CAM_DCM_Status = 0x1 ( Built-in Cam Display DCM normally) | T72: X | U72: X | V72: X | W72: DCM_연동
G73: 주차 녹화 Sleep 진입 시 | K73: 3 | L73: ↑ ▪ 네트워크 Sleep 진입 | N73: ▪ 네트워크 Sleep 이후 DCM 영상 미출력 (60FPS → 10FPS) ▪ FPS 변경 시점 녹화 중단후 다시 재개할것 (3s 공백) | T73: X | U73: X | V73: X | W73: DCM_연동
A74: DCM_012 | B74: SyR-FR-215,SyR-FR-214 | C74: ▪Requirement-based test ▪Test of interaction/communication | D74: ▪Requirements Analysis | E74: 주차 중 DCM 출력 -2 | G74: Sleep 진입 이후 Key On | I74: ▪ 빌트인캠: 정상 부팅 완료 상태 ▪ 전방/후방 카메라: 시스템 정상 인식 상태 ▪ SD카드: 정품 장착 및 저장 가능 상태 ▪ DCM/CCU/CW: 시스템 정상 연결 및 인식 상태 ▪ 차량 전원: KEY ON ▪ 차량 전압: 12V ▪ 설정 : 주차 상시 / 주차 이벤트 ON | K74: 1 | L74: ▪ Key Off 후 주차 녹화 진행 ▪ 네트워크 Sleep 진입 ▪ Key On | N74: ▪ 네트워크 Sleep 이후 DCM 영상 미출력 (60FPS → 10FPS) ▪ Key On 이후 DCM 3s 이내 정상적으로 출력할것 | T74: X | U74: X | V74: X | W74: DCM_연동
G75: 충격 이벤트 녹화 중 Key On | K75: 2 | L75: ▪ 앱 알림 Off ▪ Key Off 후 주차 녹화 진행 ▪ 네트워크 Sleep 진입 ▪ 충격 이벤트 연속 인가 ▪ 이벤트 녹화 중 Key On | N75: ▪ 네트워크 Sleep 이후 DCM 영상 미출력 (60FPS → 10FPS) ▪ Key On 이후 DCM 3s 이내 정상적으로 출력할것 | T75: X | U75: X | V75: X | W75: DCM_연동
G76: CCS 동작 중 Key On | K76: 3 | L76: ▪ 앱 알림 On ▪ Key Off 후 주차 녹화 진행 ▪ 네트워크 Sleep 진입 ▪ 충격 이벤트 인가 ▪ CCS 동작중 Key On | N76: ▪ 네트워크 Sleep 이후 DCM 영상 미출력 (60FPS → 10FPS) ▪ BLTN_CAM_PEV_Recorded = 0x2 (Park Event Recorded) 시 DCM 미출력 지속 ▪ Key On 이후 DCM 3s 이내 정상적으로 출력할것 | T76: X | U76: X | V76: X | W76: DCM_연동
A77: DCM_013 | B77: SyR-FR-212,SyR-FR-214 | C77: ▪Requirement-based test ▪Test of interaction/communication | D77: ▪Requirements Analysis | E77: 주차 중 DCM 출력 -3 | G77: 네트워크 Wake up시 출력 | I77: ▪ 빌트인캠: 정상 부팅 완료 상태 ▪ 전방/후방 카메라: 시스템 정상 인식 상태 ▪ SD카드: 정품 장착 및 저장 가능 상태 ▪ DCM/CCU/CW: 시스템 정상 연결 및 인식 상태 ▪ 차량 전원: KEY ON ▪ 차량 전압: 12V ▪ 설정 : 주차 상시 ON | K77: 1 | L77: ▪ Key Off 후 네트워크 Sleep 진입 ▪ NM_CGW_CCU 메시지 송신하여 네트워크 Wake UP ▪ DCM 출력 확인 | N77: ▪ 네트워크 Sleep 이후 DCM 영상 미출력 (60FPS → 10FPS) ▪ FPS 변경 시점 녹화 중단후 다시 재개할것 (3s 공백) ▪ Wake Up 이후 DCM 미출력 지속 (10FPS 유지) | T77: X | U77: X | V77: X | W77: DCM_연동
K78: 2 | L78: ▪ ↑ ▪ BLTN_CAM_DCM_Status 신호 확인 | N78: ▪ BLTN_CAM_DCM_Status = 0x5 ( Built-in Cam Display DCM No Output because of DCM Status) | T78: X | U78: X | V78: O | W78: DCM_연동
G79: 네트워크 Wake up후 sleep 재진입 | K79: 3 | L79: ↑ ▪ 메시지 송신 중단후 Sleep 진입 | N79: ▪ 네트워크 Sleep 이후 DCM 영상 미출력 지속 ▪ Sleep 정상 진입 | T79: X | U79: X | V79: O | W79: DCM_연동
A80: DCM_014 | B80: SyR-FR-212,SyR-FR-214 | C80: ▪Requirement-based test ▪Test of interaction/communication | D80: ▪Requirements Analysis | E80: DCM 출력 - 설정 OFF | G80: 모든 녹화 설정 Off 시 출력 | I80: ▪ 빌트인캠: 정상 부팅 완료 상태 ▪ 전방/후방 카메라: 시스템 정상 인식 상태 ▪ SD카드: 정품 장착 및 저장 가능 상태 ▪ DCM/CCU/CW: 시스템 정상 연결 및 인식 상태 ▪ 차량 전원: KEY ON ▪ 차량 전압: 12V ▪ 설정 : 모든 녹화 설정 OFF | K80: 1 | L80: ▪ Key Off 후 네트워크 Sleep 진입 | N80: ▪ Sleep 이전 DCM 정상적으로 출력할것(60FPS) ▪ 네트워크 Sleep 이후 DCM 영상 미출력 (60FPS → 10FPS) | T80: X | U80: X | V80: X | W80: DCM_연동
A81: DCM_015 | B81: SyR-FR-212,SyR-FR-214 | C81: ▪Requirement-based test ▪Test of interaction/communication | D81: ▪Requirements Analysis | E81: 이벤트 녹화시 출력 -1 | G81: 주차 중 충격 이벤트 알람 작동시 출력 확인 | I81: ▪ 빌트인캠: 정상 부팅 완료 상태 ▪ 전방/후방 카메라: 시스템 정상 인식 상태 ▪ SD카드: 정품 장착 및 저장 가능 상태 ▪ DCM/CCU/CW: 시스템 정상 연결 및 인식 상태 ▪ 차량 전원: KEY ON ▪ 차량 전압: 12V ▪ 설정 : 주차 이벤트 ON, 앱알림 ON | K81: 1 | L81: ▪ Key Off 후 주차녹화 진행 ▪ 네트워크 Sleep 진입 ▪ 충격 이벤트 인가 | N81: ▪ 네트워크 Sleep 이후 DCM 영상 미출력 (60FPS → 10FPS) ▪ FPS 변경 시점 녹화 중단후 다시 재개할것 (3s 공백) ▪ BLTN_CAM_PEV_Recorded = 0x2 (Park Event Recorded) ▪ Wake Up 이후 DCM 미출력 지속 (10FPS 유지) | T81: X | U81: X | V81: X | W81: DCM_연동
K82: 2 | L82: ↑ ▪ 영상 정보 송신 완료 이후 Sleep 진입까지 대기 | N82: ▪ BLTN_CAM_PEV_Recorded = 0x02 (Park Event Recorded) → 0x0 (Default) ▪ 네트워크 Sleep 이후 DCM 영상 미출력 지속 ▪ Sleep 정상 진입 | T82: X | U82: X | V82: X | W82: DCM_연동
A83: DCM_016 | B83: SyR-FR-212 | C83: ▪Requirement-based test ▪Test of interaction/communication | D83: ▪Requirements Analysis | E83: 이벤트 녹화시 출력 -2 | G83: 모션 녹화 중 충격 이벤트 알람 작동시 출력 확인 | I83: ▪ 빌트인캠: 정상 부팅 완료 상태 ▪ 전방/후방 카메라: 시스템 정상 인식 상태 ▪ SD카드: 정품 장착 및 저장 가능 상태 ▪ DCM/CCU/CW: 시스템 정상 연결 및 인식 상태 ▪ 차량 전원: KEY ON ▪ 차량 전압: 12V ▪ 설정 : 모션감지 / 주차 이벤트 / 앱알림 ON | K83: 1 | L83: ▪ Key Off 후 네트워크 Sleep 진입 ▪ 모션 감지 녹화 중 충격 이벤트 인가 | N83: ▪ 네트워크 Sleep 이후 DCM 영상 미출력 ▪ BLTN_CAM_PEV_Recorded = 0x2 (Park Event Recorded) ▪ Wake Up 이후 DCM 미출력 지속 (60FPS 유지) | T83: X | U83: X | V83: X | W83: DCM_연동
G84: CCS 동작 후 SLEEP 진입시 출력 확인 | K84: 2 | L84: ↑ ▪ 영상 정보 송신 완료 이후 Sleep 진입까지 대기 ▪ DCM 출력확인 | N84: ▪ BLTN_CAM_PEV_Recorded = 0x02 (Park Event Recorded) → 0x0 (Default) ▪ 네트워크 Sleep 이후 DCM 영상 미출력 지속 | T84: X | U84: X | V84: X | W84: DCM_연동
A85: DCM_017 | B85: SyR-FR-212 | C85: ▪Requirement-based test ▪Test of interaction/communication | D85: ▪Requirements Analysis | E85: 이벤트 녹화시 출력 -3 | G85: 주차 중 버글러 이벤트 알람 작동시 출력 확인 | I85: ▪ 빌트인캠: 정상 부팅 완료 상태 ▪ 전방/후방 카메라: 시스템 정상 인식 상태 ▪ SD카드: 정품 장착 및 저장 가능 상태 ▪ DCM/CCU/CW: 시스템 정상 연결 및 인식 상태 ▪ 차량 전원: KEY ON ▪ 차량 전압: 12V ▪ 설정 : 주차 상시 / 주차 이벤트 / 앱알림 ON | K85: 1 | L85: ▪ Key Off 후 주차녹화 진행 ▪ 네트워크 Sleep 진입 ▪ 버글러 알람 시그널 0x0(Off) → Alarm(0x9) 인가 | N85: ▪ BLTN_CAM_PEV_Recorded = 0x2 (Park Event Recorded) ▪ Wake Up 이후 DCM 미출력 지속 (10FPS 유지) | T85: X | U85: X | V85: X | W85: DCM_연동
G86: CCS 동작 후 SLEEP 진입시 출력 확인 | K86: 2 | L86: ↑ ▪ 영상 정보 송신 완료 이후 Sleep 진입까지 대기 ▪ DCM 출력확인 | N86: ▪ BLTN_CAM_PEV_Recorded = 0x02 (Park Event Recorded) → 0x0 (Default) ▪ 네트워크 Sleep 이후 DCM 영상 미출력 지속 ▪ Sleep 정상 진입 | T86: X | U86: X | V86: X | W86: DCM_연동
A87: DCM_018 | B87: SyR-FR-212 | C87: ▪Requirement-based test ▪Test of interaction/communication | D87: ▪Requirements Analysis | E87: 이벤트 녹화시 출력 -4 | G87: 이벤트 녹화 중 DCM 출력 확인 (네트워크 Alive) | I87: ▪ 빌트인캠: 정상 부팅 완료 상태 ▪ 전방/후방 카메라: 시스템 정상 인식 상태 ▪ SD카드: 정품 장착 및 저장 가능 상태 ▪ DCM/CCU/CW: 시스템 정상 연결 및 인식 상태 ▪ 차량 전원: KEY ON ▪ 차량 전압: 12V ▪ 설정 : 주차 상시 / 주차 이벤트 ON | K87: 1 | L87: ▪ KEY OFF 후 주차 녹화 진행 ▪ 네트워크 Alive 상태 충격 이벤트 + 수동 이벤트 녹화 진행 ▪ 동시 녹화 진행 중 DCM 출력 확인 | N87: ▪ DCM 정상적으로 출력할것 ▪ 영상 깨짐, 블랙화면 등 출력에 이상없을것 | T87: X | U87: X | V87: X | W87: DCM_연동
G88: 이벤트 녹화 이후 SLEEP 진입시 출력 확인 | K88: 2 | L88: ↑ ▪ 네트워크 Sleep 진입 | N88: ▪ 네트워크 Sleep 이후 DCM 영상 미출력 | T88: X | U88: X | V88: X | W88: DCM_연동
A89: DCM_019 | B89: SyR-FR-212,SEQ001 | C89: ▪Requirement-based test ▪Test of interaction/communication | D89: ▪Requirements Analysis | E89: 모션 녹화시 출력 | G89: 모션 녹화 중 출력 (네트워크 Alive) | I89: ▪ 빌트인캠: 정상 부팅 완료 상태 ▪ 전방/후방 카메라: 시스템 정상 인식 상태 ▪ SD카드: 정품 장착 및 저장 가능 상태 ▪ DCM/CCU/CW: 시스템 정상 연결 및 인식 상태 ▪ 차량 전원: KEY ON ▪ 차량 전압: 12V ▪ 설정 : 모션 감지 / 주차 이벤트 ON | K89: 1 | L89: ▪ Key Off 후 모션 녹화 진행 ▪ 네트워크 Alive 상태 ▪ BLTN_CAM_DCM_Status 신호 확인 | N89: ▪ BLTN_CAM_DCM_Status = 0x1 ( Built-in Cam Display DCM normally) | T89: X | U89: X | V89: O | W89: DCM_연동
K90: 2 | L90: ▪ ↑ ▪ DCM 실물 출력 확인 | N90: ▪ DCM 정상적으로 출력할것(60FPS) | T90: X | U90: X | V90: X | W90: DCM_연동
G91: 모션 녹화 중 충격 이벤트 녹화 시 출력(네트워크 Alive) | K91: 3 | L91: ▪ Key Off 후 모션 녹화 진행 ▪ 네트워크 Alive 상태 ▪ BLTN_CAM_DCM_Status 신호 확인 | N91: ▪ BLTN_CAM_DCM_Status = 0x1 ( Built-in Cam Display DCM normally) | T91: X | U91: X | V91: O | W91: DCM_연동
K92: 4 | L92: ▪ ↑ ▪ DCM 실물 출력 확인 | N92: ▪ DCM 끊김 없이 정상적으로 출력할것(60FPS) | T92: X | U92: X | V92: X | W92: DCM_연동
G93: 모션 대기 상태 출력 확인 | K93: 5 | L93: ▪ Key Off ▪ 네트워크 Sleep 진입 후 모션 대기상태 진입 | N93: ▪ Key off 후 Sleep 이전 DCM 정상적으로 출력할것 (60FPS) ▪ 네트워크 Sleep 시점 DCM 영상 미출력 | T93: X | U93: X | V93: X | W93: DCM_연동
G94: 모션 대기 상태 네트워크 Wake Up | K94: 6 | L94: ▪ Key Off ▪ 네트워크 Sleep 진입 후 모션 대기상태 진입 ▪ NM_CGW_CCU 메시지 송신하여 네트워크 Wake UP ▪ BLTN_CAM_DCM_Status 신호 확인 | N94: ▪ BLTN_CAM_DCM_Status = 0x5 ( Built-in Cam Display No Output because of DCM Status) | T94: X | U94: X | V94: O | W94: DCM_연동
K95: 7 | L95: ▪ ↑ ▪ DCM 실물 출력 확인 | N95: ▪ Wake Up 시 DCM 미출력 상태 지속 | T95: X | U95: X | V95: X | W95: DCM_연동
G96: 모션 녹화 중 Sleep 진입 시 출력 확인 | K96: 8 | L96: ▪ Key Off ▪ 네트워크 Alive 상태서 모션 감지 연속 인가 | N96: ▪ DCM 정상적으로 출력할것 ▪ 영상 깨짐, 블랙화면 등 출력에 이상없을것 | T96: X | U96: X | V96: X | W96: DCM_연동
K97: 9 | L97: ↑ ▪ 네트워크 Sleep 진입 | N97: ▪ 네트워크 Sleep 이후 DCM 영상 미출력 | T97: X | U97: X | V97: X | W97: DCM_연동
G98: 모션,이벤트 녹화 후 Sleep 진입 시 출력 확인 | K98: 10 | L98: ▪ Key Off ▪ 네트워크 Alive 상태 모션 인가 + 충격 이벤트 연속 인가 ▪ 동시 녹화 진행 중 DCM 출력 확인 | N98: ▪ DCM 정상적으로 출력할것 ▪ 영상 깨짐, 블랙화면 등 출력에 이상없을것 | T98: X | U98: X | V98: X | W98: DCM_연동
K99: 11 | L99: ↑ ▪ 네트워크 Sleep 진입 | N99: ▪ 네트워크 Sleep 이후 DCM 영상 미출력 | T99: X | U99: X | V99: X | W99: DCM_연동
A100: DCM_020 | B100: SyR-FR-215 | C100: ▪Requirement-based test ▪Test of interaction/communication | D100: ▪Requirements Analysis | E100: 모션 녹화 시 출력 - 2 | G100: 모션대기상태 Key On 시 출력 | I100: ▪ 빌트인캠: 정상 부팅 완료 상태 ▪ 전방/후방 카메라: 시스템 정상 인식 상태 ▪ SD카드: 정품 장착 및 저장 가능 상태 ▪ DCM/CCU/CW: 시스템 정상 연결 및 인식 상태 ▪ 차량 전원: KEY ON ▪ 차량 전압: 12V ▪ 설정 : 모션 감지 / 주차 이벤트 / 앱알림 ON | K100: 1 | L100: ▪ Key Off ▪ 네트워크 Sleep 진입 후 모션 대기상태 진입 ▪ CAN Wake Up ▪ Key On | N100: ▪ 네트워크 Sleep 이후 DCM 영상 미출력 ▪ Key On 이후 DCM 3s 이내 정상적으로 출력할것 | T100: X | U100: X | V100: X | W100: DCM_연동
G101: 모션 녹화 중 Key On 시 출력 | K101: 2 | L101: ▪Key Off ▪ 네트워크 Sleep 진입 후 모션 대기상태 진입 ▪ 모션 인가하여 모션 녹화 진행 ▪ CAN Wake Up ▪ 모션 녹화 진행 중 Key On | N101: ▪ 네트워크 Sleep 이후 DCM 영상 미출력 ▪ Key On 이후 DCM 3s 이내 정상적으로 출력할것 | T101: X | U101: X | V101: X | W101: DCM_연동
G102: 모션 녹화 + CCS 동작 중 Key On시 출력 | K102: 3 | L102: ▪ Key Off ▪ 네트워크 Sleep 진입 후 모션 대기상태 진입 ▪ 모션 감지녹화 중 충격 이벤트 인가 ▪ CCS 동작중 Key On | N102: ▪ 네트워크 Sleep 이후 DCM 영상 미출력 ▪ BLTN_CAM_PEV_Recorded = 0x2 (Park Event Recorded) 시 DCM 미출력 지속 ▪ Key On 이후 DCM 3s 이내 정상적으로 출력할것 | T102: X | U102: X | V102: X | W102: DCM_연동
A103: DCM_021 | B103: SyR-FR-212 | C103: ▪Requirement-based test ▪Test of interaction/communication | D103: ▪Requirements Analysis | E103: 주차 녹화 종료 시 출력 | G103: 주차 녹화 중 MainLBM_SocVal =0x65~0xFE Invalid 값 수신시 | I103: ▪ 빌트인캠: 정상 부팅 완료 상태 ▪ 전방/후방 카메라: 시스템 정상 인식 상태 ▪ SD카드: 정품 장착 및 저장 가능 상태 ▪ DCM/CCU/CW: 시스템 정상 연결 및 인식 상태 ▪ 차량 전원: KEY ON ▪ 차량 전압: 12V ▪ 설정 : 주차 상시 / 주차 이벤트 ON | K103: 1 | L103: ▪ Key Off 하여 주차녹화 진입 ▪ 네트워크 Sleep 진입 ▪ MainLBM_SocVal = 0X65~0XFE Invalid 값 10회 연속 인가 ▪ BLTN_CAM_DCM_Status 신호 확인 | N103: ▪ 주차녹화 종료 ▪ BLTN_CAM_DCM_Status = 0x5(no output) → 0x1 (normal) | T103: X | U103: X | V103: O | W103: DCM_연동
K104: 2 | L104: ↑ ▪ DCM 출력 확인 | N104: ▪ 녹화 종료 이후 DCM 3s 이내 정상적으로 출력할것 (10FPS → 60FPS) ※ 실물 출력X ,신호 단위 확인 필요 | T104: X | U104: X | V104: X | W104: DCM_연동
G105: 주차 녹화 중 MainLBM_SocVal =0xFF Error 값 수신시 | K105: 3 | L105: ▪ Key Off 하여 주차녹화 진입 ▪ 네트워크 Sleep 진입 ▪ MainLBM_SocVal = 0XFF Error 값 10회 연속 인가 ▪ BLTN_CAM_DCM_Status 신호 확인 | N105: ▪ 주차녹화 종료 ▪ BLTN_CAM_DCM_Status = 0x5(no output) → 0x1 (normal) | T105: X | U105: X | V105: O | W105: DCM_연동
K106: 4 | L106: ↑ ▪ DCM 출력 확인 | N106: ▪ 녹화 종료 이후 DCM 3s 이내 정상적으로 출력할것 (10FPS → 60FPS) ※ 실물 출력X ,신호 단위 확인 필요 | T106: X | U106: X | V106: X | W106: DCM_연동
G107: 주차 녹화 중 SOC값 25% 미만 수신 시 | K107: 5 | L107: ▪ Key Off 하여 주차녹화 진입 ▪ 네트워크 Sleep 진입 ▪ MainLBM_SocVal = 24% 인가 ▪ BLTN_CAM_DCM_Status 신호 확인 | N107: ▪ 주차녹화 종료 ▪ BLTN_CAM_DCM_Status = 0x5(no output) → 0x1 (normal) | T107: X | U107: X | V107: O | W107: DCM_연동
K108: 6 | L108: ↑ ▪ DCM 출력 확인 | N108: ▪ 녹화 종료 이후 DCM 3s 이내 정상적으로 출력할것 (10FPS → 60FPS) ※ 실물 출력X ,신호 단위 확인 필요 | T108: X | U108: X | V108: X | W108: DCM_연동
G109: 설정 시간 만큼 주차 녹화 이후 종료 시 | K109: 7 | L109: ▪ BLTN_CAM_Set_PrkTime = 12H ▪ Key Off 하여 주차녹화 진입 ▪ 네트워크 Sleep 진입 ▪ BLTN_CAM_DCM_Status 신호 확인 | N109: ▪ 설정 시간만큼 주차 녹화후 종료 ▪ BLTN_CAM_DCM_Status = 0x5(no output) → 0x1 (normal) | T109: X | U109: X | V109: O | W109: DCM_연동
K110: 8 | L110: ↑ ▪ DCM 출력 확인 | N110: ▪ 녹화 종료 이후 DCM 3s 이내 정상적으로 출력할것 (10FPS → 60FPS) ※ 실물 출력X ,신호 단위 확인 필요 | T110: X | U110: X | V110: X | W110: DCM_연동
A111: DCM_022 | B111: SyR-FR-212 | C111: ▪Requirement-based test ▪Test of interaction/communication | D111: ▪Requirements Analysis | E111: 모션 녹화 종료 시 출력 | G111: 모션 녹화 중 MainLBM_SocVal =0x65~0xFE Invalid 값 수신시 | I111: ▪ 빌트인캠: 정상 부팅 완료 상태 ▪ 전방/후방 카메라: 시스템 정상 인식 상태 ▪ SD카드: 정품 장착 및 저장 가능 상태 ▪ DCM/CCU/CW: 시스템 정상 연결 및 인식 상태 ▪ 차량 전원: KEY ON ▪ 차량 전압: 12V ▪ 설정 : 모션 감지 ON | K111: 1 | L111: ▪ Key Off 하여 모션녹화 진입 ▪ 네트워크 Sleep 진입 ▪ MainLBM_SocVal = 0X65~0XFE Invalid 값 10회 연속 인가 ▪ BLTN_CAM_DCM_Status 신호 확인 | N111: ▪ 모션 녹화 종료 ▪ BLTN_CAM_DCM_Status = 0x5(no output) → 0x1 (normal) | T111: X | U111: X | V111: O | W111: DCM_연동
K112: 2 | L112: ↑ ▪ DCM 출력 확인 | N112: ▪ 녹화 종료 이후 DCM 3s 이내 정상적으로 출력할것 (10FPS → 60FPS) ※ 실물 출력X ,신호 단위 확인 필요 | T112: X | U112: X | V112: X | W112: DCM_연동
...

Sheet 표시 관련 서비스
A1: {="IND_"&TEXT(MAX(IFERROR(--MID($A$2:$A$4982,5,3),0)),"000")} -> IND_015 | E1: English Translation | F1: English Translation | G1: English Translation | I1: English Translation | J1: English Translation
A2: ID | B2: SyR ID | C2: Test method | D2: TC design method | E2: Name | F2: Description | G2: Preconfition | H2: Step | I2: Test Procedure | J2: Expected Result | K2: Result | L2: Measure Value | M2: Remarks | O2: Manual (Basic) | P2: Automation (Basic) | Q2: Automation Applied | R2: Specification Category
A3: IND_001 | B3: SyR-DIAG-003,SyR-DIAG-028,SyR-DIAG-029,SyR-DIAG-030 | C3: ▪Requirement-based test | D3: ▪Requirements Analysis | E3: [Built-in Cam Status Info] BLTN_CAM_State | F3: BLTN_CAM_State: BLTN_CAM normal operation | G3: ▪ Built-in Cam: Booted successfully ▪ Front/Rear Camera: Recognized by the system ▪ SD Card: Original installed and ready to save ▪ DCM/CCU/CW: Connected and recognized by the system ▪ Vehicle Power: KEY ON ▪ Vehicle Voltage: 12V ▪ Recording Settings: Driving Continuous/Event, Parking Continuous/Event Settings ON | H3: 1 | I3: ▪ All conditions normal ▪ Front/Rear Camera Connection | J3: ▪ [BLTN_CAM_STAT_PE_00_200ms] - BLTN_CAM_State: 0x0 (BLTN_CAM Valid) | O3: X | P3: X | Q3: O
F4: BLTN_CAM_State: Front camera recording disabled | H4: 2 | I4: ▪ Fault Input - Front Camera Removal | J4: ▪ [BLTN_CAM_STAT_PE_00_200ms] - BLTN_CAM_State: 0x1 (BLTN_CAM Front Camera Invalid) | O4: X | P4: X | Q4: X
F5: BLTN_CAM_State: Rear camera recording unavailable | H5: 3 | I5: ▪ Fault Input - Removal of rear camera after front camera installation | J5: ▪ [BLTN_CAM_STAT_PE_00_200ms] - BLTN_CAM_State: 0x2 (BLTN_CAM Rear Camera Invalid) | O5: X | P5: X | Q5: X
F6: BLTN_CAM_State: Front/rear camera recording disabled | H6: 4 | I6: ▪ Fault Input - Front/Rear Camera Removal | J6: ▪ [BLTN_CAM_STAT_PE_00_200ms] - BLTN_CAM_State: 0x3 (Front/Rear Camera Invalid) | O6: O | P6: X | Q6: X
F7: BLTN_CAM_State: Recording Unavailable | H7: 5 | I7: ▪ Fault Input - Recording Unavailable | J7: ▪ [BLTN_CAM_STAT_PE_00_200ms] - BLTN_CAM_State : 0x4 (BLTN_CAM Record Invalid) (No referenced value) | O7: X | P7: X | Q7: X
F8: BLTN_CAM_State: Reserved | H8: 6 | I8: ▪ Undefined | J8: ▪ [BLTN_CAM_STAT_PE_00_200ms] - BLTN_CAM_State: 0x5 ~ 0xE (Reserved) | O8: X | P8: X | Q8: X
F9: BLTN_CAM_State: Unable to operate due to internal BLTN_CAM error. Recording/AVN integration GUI unavailable. | H9: 7 | I9: ▪ Fault Input - Unable to operate due to internal BLTN_CAM error; recording/AVN integration GUI unavailable | J9: ▪ [BLTN_CAM_STAT_PE_00_200ms] - BLTN_CAM_State : 0xF (invalid) (Unused signal) | O9: X | P9: X | Q9: X
A10: IND_002 | B10: SyR-FR-008,SyR-IF-007,SyR-IF-008,SyR-FR-010,SyR-IF-011,SyR-FR-073,SyR-FR-074,,SyR-FR-075,SyR-NFR-035,SyR-FR-177,SyR-IF-015,SyR-IF-025 | C10: ▪Requirement-based test | D10: ▪Requirements Analysis | E10: [CW Popup Request] BLTN_CAM_PopUp_Req | F10: Manual recording start notification | G10: ▪ Built-in Cam: Booted successfully ▪ Front/Rear Camera: Recognized by the system ▪ SD Card: Original installed and ready to save ▪ DCM/CCU/CW: Connected and recognized by the system ▪ Vehicle Power: KEY ON ▪ Vehicle Voltage: 12V ▪ Recording Settings: Driving Continuous/Event, Parking Continuous/Event Settings ON | H10: 1 | I10: ▪ Enable Switch Event ▪ Check Recording Status Signal | J10: ▪ BLTN_CAM_PopUp_Req = 0x1 ▪ BLTN_CAM_RecSta_MAR = 0x1(Recording) | O10: O | P10: O | Q10: O
F11: Time-lapse recording start notification | H11: 2 | I11: ▪ Start Time-lapse Recording (Long-press Event Switch) ▪ Check Recording Status Signal | J11: ▪ BLTN_CAM_PopUp_Req = 0x2 ▪ BLTN_CAM_RecSta_TML = 0x1(Recording) | O11: O | P11: O | Q11: O
F12: Time-lapse recording end notification | H12: 3 | I12: ▪ End time-lapse with event switch (long press) ▪ Check recording status signal | J12: ▪ BLTN_CAM_PopUp_Req = 0x3 ▪ BLTN_CAM_RecSta_TML = 0x0(OFF) | O12: O | P12: O | Q12: O
F13: SD card recognition notification | H13: 4 | I13: ▪ Insert SD card | J13: ▪ BLTN_CAM_PopUp_Req = 0x4 | O13: O | P13: X | Q13: X
F14: SD card not recognized notification | H14: 5 | I14: ▪ SD card removal | J14: ▪ BLTN_CAM_PopUp_Req = 0x5 | O14: O | P14: X | Q14: X
F15: Error on SD memory (requires formatting or replacement) | H15: 6 | I15: ▪ Insert an SD card that has been formatted unusable | J15: ▪ BLTN_CAM_PopUp_Req = 0x6 | P15: X | Q15: X
F16: Parking recording start notification | H16: 7 | I16: ▪ Insert a working SD card ▪ Turn KEY OFF to start parking recording | J16: ▪ BLTN_CAM_PopUp_Req = 0x7 (Transmit within 1 second after KEY OFF) | O16: O | P16: O | Q16: O
